axs_name,section
013,#
10 Mile Music Hall,#
1015 Folsom,#
1100 Social,#
11:11 EPTX,#
11th Street Cowboy Bar,#
123 Pleasant Street,#
12th and Porter,#
1306 – Thirteen O' Six,#
16th & Welton,#
1720,#
1865,#
1867 Bar,#
1884 Lounge at Minglewood Hall,#
1902 Nightclub,#
191 Toole,#
1932 Criterion Theatre,#
1933,#
1st SUMMIT ARENA at Cambria County War Memorial Arena,#
1STBANK Center,#
2045 N Milwaukee Ave.,#
20th Century Theater,#
21Soho,#
230 Fifth Rooftop Bar,#
230 West 2nd Street,#
24 Oxford at Virgin Hotels Las Vegas,#
24th Street Park,#
26 Leake Street,#
3 Dollar Bill,#
3121 at Rio Hotel & Casino,#
31st Street Park - Oceanfront,#
33rd Street Armory,#
360 Amphitheater,#
360 at Parx Casino,#
39 Degrees @ W Hotel,#
3Arena,#
3M Arena at Mariucci,#
3S Artspace,#
3SIXTY,#
3TEN ACL Live,#
4 Bears Casino & Lodge,#
40 Watt Club,#
45 East,#
4EVR Ranch Equestrian Center,#
4th & B,#
5 Points Music Sanctuary,#
52 Church,#
529 Bar,#
53 Degrees,#
5th Avenue Theatre,#
614 Mountain Drive,#
620 Jones,#
7 Clans First Council Casino Hotel,#
7 Oaks Event Garden,#
7th St Entry,#
7th Street Theatre,#
8 Seconds Saloon,#
801 Event Center,#
808,#
89th Street - OKC,#
93 Feet East,#
99 Scott,#
9PM Music Venue,#
9th St Parallel at Knitting Factory Boise,#
9th Ward at Babeville Buffalo,#
ありそドーム,#
いずみ総合公園MOTEGI大泉町民体育館,#
いわき市総合体育館,#
おおきにアリーナ舞洲,#
このはなアリーナ,#
つくばカピオ,#
つるしんアリーナ小真木原,#
とり野菜みそ BLUECATS ARENA（かほく市総合体育館）,#
ひたちなか市総合運動公園体育館,#
ひたちなか市総合運動公園総合体育館,#
ぴあアリーナ,#
みしまプラザホテル,#
アイオーしんきん伊勢崎アリーナ,#
アスティとくしま,#
エア・ウォーターアリーナ松本,#
カルッツかわさき,#
サンアリーナせんだい,#
シゲトーアリーナ岡山,#
スカイホール豊田,#
セルリアンタワー東急ホテル,#
バンテリンドーム ナゴヤ,#
パナソニックアリーナ,#
パークアリーナ小牧,#
ビエント高崎（ビッグキューブ）,#
ベイコム総合体育館,#
ヤマト市民体育館前橋,#
リクルートスタッフィング　リック＆スー旭川体育館,#
リプロ武道館（埼玉県立武道館）,#
ヴィクトリーナ・ウインク体育館,#
三島市民体育館,#
上尾市民体育館,#
上尾運動公園体育館,#
兵庫県立総合体育館,#
刈谷市体育館,#
北ガスアリーナ札幌46,#
北里アリーナ富士,#
呉市体育館（IHIアリーナ）,#
和歌山ビッグホエール,#
和歌山県立体育館,#
国立代々木競技場第一体育館,#
国立代々木競技場第二体育館,#
夢アリーナたかた,#
大浜だいしんアリーナ,#
大田区総合体育館,#
富山市親水広場,#
富山県西部体育センター,#
小真木原総合体育館,#
山形市総合スポーツセンター,#
山形県総合運動公園総合体育館,#
岡崎中央総合公園武道館,#
岡崎中央総合公園総合体育館,#
岡崎市中央総合公園武道館,#
岩国市総合体育館,#
島津アリーナ,#
所沢市民体育館,#
旭川市民文化会館 小ホール,#
旭川総合体育館,#
有明アリーナ,#
有明コロシアム,#
東京ドーム,#
東京体育館,#
東急ドレッセとどろきアリーナ,#
東松山市民体育館,#
横浜アリーナ,#
武蔵野の森総合プラザ,#
池の川さくらアリーナ,#
滋賀ダイハツアリーナ,#
照葉積水ハウスアリーナ,#
熊谷スポーツ文化公園ラグビー場,#
神戸常盤アリーナ,#
花巻市総合体育館アネックス,#
草津市立滋賀トヨタアリーナ,#
蓮田市総合市民体育館パルシー,#
西原商会アリーナ,#
西宮市立中央体育館,#
西尾市総合体育館,#
豊田合成記念体育館(エントリオ),#
郡山総合体育館（宝来屋ボンズアリーナ）,#
都内某所,#
香陵アリーナ,#
高梁市民体育館,#
鳥取県民体育館,#
鴻巣市立総合体育館,#
黒部市総合体育センター,#
A&R Music Bar,A
A.I. Warehouse,A
A.J. McClung Memorial Stadium,A
A.W. Mumford Stadium,A
AAMI Park,A
Aaron Bessant Amphitheater,A
Aaron's Amphitheatre,A
Abacoa Town Center Amphiteatre,A
Abayance Bay Marina,A
ABB Arena Nord,A
ABBA Arena,A
ABC Supply Stadium,A
Aberdeen Music Hall,A
Abilene Civic Center Auditorium,A
Abraham Chavez Theatre,A
Abravanel Hall,A
Absinthe,A
Aby's Rapid City,A
Academy LA,A
Academy of Music Theatre,A
accesso ShoWare Center,A
Accor Arena,A
Accor Stadium,A
Ace Café – Backyard at the Ace,A
Ace of Cups,A
Ace of Spades,A
Aces Bar,A
ACL Live at The Moody Theater,A
Acme Comedy Company,A
Acrisure Arena,A
Acrisure Bounce House,A
Adams Center,A
Adams County Fairgrounds,A
Addison Improv,A
Adelaide Hall,A
Adelaide University Cloisters,A
Adelphi Theatre,A
Adidas Arena,A
Adirondack Bank Center at the Utica Memorial Auditorium,A
Admiral Theatre,A
Adrienne Arsht Center,A
AdventHealth Stadium,A
Adventist Health Amphitheater,A
Adventist Health Arena,A
AECC GE Oil & Gas Arena,A
Aeolian Hall,A
Agganis Arena,A
Agger Fish Building,A
Aggie Memorial Stadium,A
Aggie Stadium (North Carolina A&T),A
Aggie Theatre,A
Agora Ballroom,A
Agora Theatre,A
Agua Caliente Casino Palm Springs,A
Ahoy,A
Aintree Racecourse,A
Airport Tavern Music Hall,A
AISD Performing Arts Center,A
Akins Ford Arena at The Classic Center,A
Akron Civic Theatre,A
Akron Civic Theatre - Knight Stage,A
Al F. Caniglia Field,A
Al Hirschfeld Theatre,A
Al Lang Stadium,A
Al McGuire Center,A
Alabama A&M Agribition Center,A
Alabama Theatre at Barefoot Landing,A
Aladdin Resort & Casino,A
Alameda County Fairgrounds,A
Alaska Airlines Arena at Hec Edmundson Pavilion,A
Alaska Airlines Center,A
Alaska State Fairgrounds,A
Albany Civic Center,A
Albany Med Health System at Saratoga Performing Arts Center,A
Albany Municipal Auditorium,A
Alberni Valley Multiplex,A
Albert Hall Manchester,A
Albert Park Grand Prix Circuit,A
Alberta B. Farrington Softball Stadium,A
Alberta Bair Theater,A
Alberta Rose Theatre,A
Albertsons Stadium,A
Alcatraz,A
Aldwych Theatre,A
Alerus Center,A
Alex G. Spanos Center,A
Alex Rodriguez Park at Mark Light Field,A
Alex Theatre,A
Alexander Field,A
Alexandra Head,A
Alexandra Palace,A
Alexandra Palace Park,A
Alexandra Palace Theatre,A
Alfond Sports Arena,A
Alfond Stadium,A
Algonquin Commons Theatre,A
Alhambra,A
Alhambra Theatre,A
Aliante Casino and Hotel,A
Alice and George Brown Theater,A
Alico Arena,A
All Bar One at The O2,A
All Good Beverage Co,A
All Saints Venue,A
All Stars Boxing Gym,A
Allan & Jean Millar Centre,A
Allan Saxe Softball Field,A
Allegacy Federal Credit Union Stadium,A
Allegan County Fairgrounds,A
Allegany County Fairgrounds,A
Allen Arena,A
Allen County Fair,A
Allen County War Memorial Coliseum,A
Allen E. Paulson Stadium,A
Allen Fieldhouse,A
Allen Theatre,A
Allentown Fairgrounds,A
Alliant Energy Center,A
Alliant Energy PowerHouse,A
Allianz Stadium,A
Allied Solutions Center for the Performing Arts,A
Alltech Arena at Kentucky Horse Park,A
Aloha Stadium,A
Alphabet,A
Alpine 4-H Ranch,A
Alpine Hall,A
Alpine Valley Music Theatre,A
Altamont Fairgrounds,A
Altar at The Masquerade,A
Alternative Music Foundation,A
Alton Amphitheater,A
Alton Towers,A
Alumni Coliseum at Baptist Health Arena,A
Alumni Field at Marv Kay Stadium,A
Alumni Gymnasium at Rider University,A
Alumni Hall - MD,A
Alumni Hall - RI,A
Alumni Memorial Field,A
Alumni Stadium,A
Alumni Stadium - Delaware State,A
Alys Robinson Stephens Performing Arts Center,A
Amarillo Civic Center,A
Amaturo Theater in the Broward Center,A
Ambassador Theatre,A
AMC Burbank 16,A
AMC Crossroads Mall 16,A
AMC Desert Ridge 18,A
AMC Framingham 16,A
AMC Hoffman 22,A
AMC Hoffman Center 22,A
AMC Livonia 20,A
AMC Neshaminy 24,A
AMC Studio 30 with IMAX and Dine-in Theatres,A
AMC Willowbrook 24,A
America First Event Center,A
America's Center,A
American Family Fields of Phoenix,A
American Family Insurance Amphitheater,A
American Legion 577,A
American Legion Field Danville,A
American Legion Memorial Stadium,A
American Music Theatre,A
American Royal Complex,A
AmericanAirlines Arena,A
Ameristar Casino - Vicksburg,A
Ameristar Casino Hotel Kansas City,A
Ameristar Casino St. Charles,A
Ames Center,A
Amica Mutual Pavilion,A
Amityville Music Hall,A
Amon G. Carter Stadium,A
Amos' Southend,A
Amphihéâtre - Cité Internationale,A
Amphitheater at Las Colonias Park,A
Amphitheater at The Wharf,A
Amphithéâtre Cogeco,A
Amphithéâtre Fernand-Lindsay,A
AMSOIL Arena,A
Amway Arena,A
Anaheim Convention Center,A
Anaheim Marriott,A
Anaina Hou Community Park,A
Anarchy Brew Co,A
ANC Arena,A
Anchor Rock Club,A
Anderson Center For The Performing Arts,A
Anderson County Youth Livestock Pavillion,A
Anderson Music Hall,A
Anderson Sport and Entertainment Center,A
Anderson Theater at Memorial Hall OTR,A
Andiamo Celebrity Showroom,A
Andy Griffith Playhouse,A
Andy Kerr Stadium,A
Anfield Stadium,A
Angel of the Winds Arena,A
Angel Stadium of Anaheim,A
Angels Rock Bar,A
Angola Prison Rodeo Arena,A
Animas City Theatre,A
Anita Dee Yacht Charters,A
Ann W Richards Congress Avenue Bridge,A
Annabel's Music Hall,A
Annapolis City Dock,A
Anne Arundel County Fairgrounds,A
Annenberg Center,A
Annex Theatre - Vancouver,A
Annexet,A
Ansin Sports Complex,A
Anthem at Hard Rock Hotel & Casino,A
Anthology,A
Anthology Rochester,A
Antone's Nightclub,A
AO Arena,A
APAC - Arbogast Performing Arts Center,A
Apache Casino Hotel,A
Apollo Projects Stadium,A
Apollo South Dome at The Orion,A
Apollo Theater Chicago,A
Apollo Victoria Theatre,A
Apopka Amphitheater,A
Appell Center for the Performing Arts - Strand Theatre,A
Apple Bowl,A
Appleton Arena,A
Appleton East Cinema,A
Applied Innovation Theatre at Dow Event Center,A
AQA Festival,A
Aquafest Concert Area - Downtown Rice Lake,A
Aragon Ballroom,A
Arcada Theatre,A
Arcata Theatre Lounge,A
ArcBest Corporation Performing Arts Center,A
Archer Music Hall,A
ARCO Arena,A
Ardmore Music Hall,A
AREA15,A
Arena at Don Taft Univ Center at NSU,A
Arena CDMX,A
Arena Ciudad de México,A
Arena Guadalajara,A
Arena Monterrey,A
Arena Skövde,A
Arena Tachikawa Tachihi,A
Arena Theater - CA,A
Arena Theatre,A
Arena-Auditorium at University of Wyoming,A
Aretha Franklin Amphitheatre,A
Argosy Casino,A
ARIA Ballroom - MGM Springfield,A
Arie Crown Theater,A
Arizona Exposition State Fair,A
Arizona Railway Museum,A
ARK Cliftonville,A
Arkansas State Fair Grounds,A
Arkea Arena,A
Arlene Schnitzer Concert Hall,A
Arlington Backyard,A
Arlington Improv,A
Arlington Music Hall,A
Armory - Minneapolis,A
Armory for the Arts,A
Armory STL,A
Armstrong Stadium,A
Arnold Hall Ballroom,A
Arnolds Park Amusement Park,A
Aronoff Center for the Arts,A
ARORA,A
Arrow Bar,A
Arrowood Farms,A
Arsenal BG Ballpark,A
Art Hauser Centre,A
"Art, Design & Architecture Museum",A
Arthur J. Rooney Athletic Field,A
Arties Bar and Grill,A
Artis—Naples,A
Artland Arena,A
Artpark Mainstage Theater,A
Artpark Outdoor Amphitheater,A
Artpark State Park,A
Arts Club,A
ArtsPark,A
Arute Field,A
Arvada Center,A
Arvest Ballpark,A
Arvest Convention Center,A
Aréna Glencore,A
Asbury Hall at Babeville Buffalo,A
Asbury Lanes,A
Ascend Federal Credit Union Amphitheater,A
Ashcroft Theatre,A
Asheville Music Hall,A
Asheville Yards,A
Ashton Court Estate,A
Aspen Art Museum,A
Assembly Hall,A
Assembly Hall Theatre,A
Assembly Kingston,A
Assembly Rooms,A
Assembly Roxy,A
Assiniboine Park,A
Asteria Theatre,A
Astor Theatre Perth,A
Astral Valley Art Park,A
ASU Convocation Center,A
ASU Gammage,A
ASU Kerr Cultural Center,A
ASU Multi-Purpose Arena,A
ASU Stadium,A
Asueアリーナ,A
Asylum,A
At The Top,A
AT&T Park,A
AT&T Performing Arts Center - Annette Strauss Square,A
Athenaeum Center,A
Athens Fairgrounds,A
Athens Theatre,A
Athletic Park - WI,A
Atlanta Coliseum,A
Atlanta Comedy Theater,A
Atlanta Eagles Arena,A
Atlantic City Beach,A
Atlantic City Convention Center,A
Atlantic Station,A
Atlantic Union Bank Center,A
Atlantic Union Bank Pavilion,A
Atlantis Casino Resort Spa,A
Atomic Golf,A
Atomic Pavilion,A
Atrium Health Amphitheater,A
Atrium Health Ballpark,A
Attucks Theatre,A
Atwood Concert Hall - ACPA,A
Atwood Lake Park,A
Atwood Music Hall,A
Au-Rene Theater at Broward Center For The Performing Arts,A
Auburn 17 Theatres,A
Audio,A
Auditorium at the National Western Center,A
Auditorium Shores,A
Audley End,A
Audrey J. Walton Stadium,A
August Hall,A
August Wilson Theatre,A
Augusta Civic Center,A
Augusta National Golf Course,A
Aura,A
Auraria Campus Outdoors,A
Austin Convention Center,A
Austin County Fairgrounds,A
Austin Music Hall,A
Austin Opera,A
Auto Club Speedway,A
Autozone Park,A
AVA Beach Bar,A
AVA Garden Bar,A
AVA Rooftop Bar Cary,A
AVA Rooftop Bar Philly,A
Avalon,A
AVALON Hollywood,A
Avalon Theatre,A
Avalon Theatre - MD,A
Avant Gardner - Great Hall,A
Avenir Centre,A
Aventura Arts & Cultural Center,A
Avenue Long Branch,A
Avicii Arena,A
Avila Beach Golf Resort,A
Avis Alaska Sports Complex,A
Avista Stadium,A
AVIVA Studios,A
Avon Theatre,A
Avondale Brewing Company,A
Avron B. Fogelman Arena in Devlin Fieldhouse,A
Axelrod Performing Arts Center,A
Axminster Guildhall,A
Aylesbury Waterside Theatre,A
AYU Dayclub,A
AyurPrana Listening Room,A
Azura Amphitheater,A
Aéroport de Saint-Jean-sur-Richelieu,A
B Bakery Afternoon Tea Bus Tour,B
B Side at House of Blues Las Vegas,B
B Side Lounge,B
B.B King's West Palm Beach,B
B.B. King Blues Club,B
Baba Yaga,B
Baby's All Right,B
Back Porch of Texas,B
Backroom,B
Backseat Events,B
Backstage Bar & Billiards,B
Backstage Santa Barbara,B
Backwoodz Bar & Gril,B
Backyard at Hudson Yards,B
Bad Astronaut Brewing Co.,B
Badaboum,B
Badlands Tent,B
Bagdad Theater & Pub,B
Bailey Memorial Stadium,B
Bailey Park,B
Bailey-Brayton Field,B
Bain Schaeffer Buffalo Stadium,B
Baird Center,B
Baker Field at Bill Taunton Stadium,B
Baker Rink,B
Balboa Theatre,B
Balch Fieldhouse,B
Ballard Homestead,B
Balloon Fiesta Park,B
Ballpark Village,B
Bally's Dover Casino Resort,B
Bally's Lake Tahoe,B
Bally's Twin River Lincoln,B
Baltimore Comedy Factory,B
Baltiska Hallen,B
Bambola,B
BancorpSouth Arena,B
Band on the Wall,B
Bandshell Park,B
Bangor Civic Center & Auditorium,B
Banita Creek Hall,B
Bank of America Performing Arts Center - Fred Kavli Theatre,B
Bank of America Performing Arts Center - Scherr Forum,B
Bank of Colorado Arena at Butler-Hancock Athletic Center,B
Bank of Springfield Center,B
Bank of the James Stadium,B
Bankhead Theater,B
BankNH Pavilion,B
Bankoh Arena at Stan Sheriff Center,B
Bankplus Amphitheater,B
Banneker-Douglas-Tubman Museum,B
Banner Island Ballpark,B
Bannerwood Park,B
Banterra Center,B
Bar Doña,B
Bar Le Ritz PDB,B
Bar Part Time,B
BAR22,B
Barbara B. Mann Performing Arts Hall,B
Barbican Centre,B
Barclays Arena,B
BarCode NJ,B
Bardavon 1869 Opera House,B
Barfly,B
Barker-Lane Stadium,B
Barley's Taproom and Pizzeria - Knoxville,B
Barleycorn's,B
Barnato,B
Barnett Arena,B
Barnfield Theatre,B
Barnhill Arena,B
Baronet Rooftop,B
Barre Opera House,B
BarrelHouse Brewing Co.,B
Barren River Magic,B
Barry Expo Center,B
Barrymore Theatre,B
Bart Kaufman Field,B
Bartlett Performing Arts Center,B
Bartow Arena,B
Basilica Hudson,B
Bataclan,B
Batavia Downs,B
Batesville Civic Center,B
Bath Forum,B
Baton Rouge Blues Festival,B
Baton Rouge River Center,B
Baton Rouge River Center Theatre,B
Battersea Park,B
Battery Park at Hard Rock Hotel and Casino,B
BattleBots Arena,B
Bauhaus Houston,B
Baum-Walker Stadium,B
Baxter Arena,B
Bay Hill Club and Lodge,B
BayCare Ballpark,B
Bayfront Convention Center,B
Bayfront Festival Park,B
Bayfront Park,B
Baylor Ballpark,B
Bayside Music Stage at National Cherry Festival,B
Bayside Stadium at SeaWorld,B
Bazemore-Hyder Stadium,B
Beachclub,B
BeachLife Festival Redondo Beach,B
Beacon Theatre,B
Beacon Theatre - Hopewell,B
Beak & Skiff Apple Orchards,B
Bear Tooth Theatrepub,B
Bearcat Stadium,B
Bearkat Softball Complex,B
Bears Den at Seneca Niagara Casino,B
Bearsville Theater,B
Beasley Coliseum,B
Beat Kitchen,B
bEATS,B
Beau Rivage Theatre,B
Beaumont Civic Center,B
Beaumont Club,B
Beaver Dam Amphitheater,B
Beaver Island Hideaway Campground,B
BECU Live at Northern Quest,B
Bedford Park,B
Beech Mountain Ski Resort,B
Beechwood Stadium 11 Cinemas,B
Beeghly Center,B
Beiden Field at Bob Bennett Stadium,B
Beirne Stadium,B
Bel-Aire Backyard,B
Belasco Theater Los Angeles,B
Belasco Theatre New York,B
Belcher Center,B
Belcourt Theatre,B
Believe Music Hall,B
Belk Theater at Blumenthal Performing Arts Center,B
Belknap Park,B
Bell Auditorium,B
Bell Centre,B
Bell MTS Place,B
Bell Theater - Pineville,B
Bella Concert Hall,B
Bella Rose Arts Centre,B
Bella Union,B
Bellagio,B
Bellco Theatre,B
Belle Mehus Auditorium,B
Belleayre Music Festival,B
Bellflower 20,B
Belly Up,B
Belly Up Aspen,B
Belmont Park - Fit Social Club,B
Belmont Park Racetrack,B
Belterra Casino Resort,B
Belushi Performance Hall,B
Ben Hill Griffin Stadium,B
Benaroya Hall,B
Bender Arena,B
Benedict Music Tent,B
Benson Theatre,B
Bentley Arena,B
Benton Franklin Fair,B
Bentson/Bunker Fieldhouse,B
Bergen Performing Arts Center,B
Berglund Center Coliseum,B
Berglund Performing Arts Theatre,B
Berklee Performance Center,B
Berkley Riverfront Park,B
Bermondsey Social Club,B
Bernard G Johnson Coliseum,B
Bernie's Beach Bar,B
Berning Family Farms,B
Berry Events Center,B
Besos y Abrazos,B
Beston Hall at Nazareth University,B
Bethel Performing Arts Center,B
Bethlehem Event Center,B
Bethlehem Musikfest Grounds - Wind Creek Steel Stage,B
Bethnal Green Working Men's Club,B
Bethpage Black Golf Course,B
Bethpage Federal Credit Union Stadium,B
Between The Bridges,B
Beverly O'Neill Theater - Long Beach Convention Center,B
BEYOND THE STREETS,B
BHGE Aberdeen Arena,B
Bicentennial Capitol Mall State Park,B
Bicentennial Park,B
Bicentennial Park - Unbroken Circle Music Festival,B
"Big Bear Lake, CA",B
Big Creek Amphitheater,B
Big Four Roadhouse,B
Big Fresno Fair,B
Big Mountain Ranch,B
Big Night Live,B
Big Pink,B
Big River Saskatchewan,B
Big Sandy Superstore Arena,B
Big Sky Brewing Company Amphitheater,B
Big Sky Events Arena,B
Big Top Sydney,B
Big Valley Jamboree Grounds,B
Bigs Bar,B
Bijou Nightclub,B
Bijou Theatre,B
Bill Davis Stadium,B
Bill Snyder Family Football Stadium,B
Billboard-Live!,B
Billsville House Concerts,B
Billy Bob's Texas,B
Biltmore Theatre - Oshawa,B
Bimbos 365 Club,B
Bing Crosby Theater,B
Binghamton University Events Center,B
Birdland Theatre,B
Birds Hill Park Winnipeg,B
Birmingham Repertory Theatre,B
Birmingham Symphony Hall,B
Birmingham Town Hall,B
Birthdays,B
Bismarck Civic Center,B
Bismarck Event Center Arena,B
Bismarck Municipal Ballpark,B
Bissell Park,B
Bistroscenen Kulturkvarteret,B
Bixby Knolls National Park,B
BJCC Concert Hall,B
Black Bear Casino Resort,B
Black Cat,B
Black Desert Golf Course,B
Black Oak Mountain Amphitheater,B
Black River Coliseum,B
Blackbox Theater,B
Blackheath,B
Blackheath Common,B
Blackout Haunted House,B
Blackpool Opera House,B
Blackweir Fields,B
Blair Field,B
Blaisdell Arena,B
Blanche M. Touhill Performing Arts Center,B
Blazers Ice Centre,B
Bldg. 24 Kitchen and Bar,B
Blenheim Palace,B
Blind Tiger,B
Blissfest Music Festival Grounds,B
Blizzard Arena Los Angeles,B
blocktickets PARK,B
Bloom Nightclub,B
Bloomington Center for the Arts - Schneider Theater,B
Bloomington Center for the Performing Arts,B
Bloomington Interstate Center,B
Bloomsburg Fair,B
Bloomsbury Ballroom,B
Bloomsbury Theatre,B
Blue Agave Night Club,B
Blue Chip Casino,B
Blue Cross Arena,B
Blue Cross Park,B
Blue Fin,B
Blue Gate Theater,B
Blue Hill Bank Pavilion,B
Blue Lake Casino,B
Blue Moon TapHouse,B
Blue Note,B
Blue Note - Harrison,B
Blue Note Hawaii,B
Blue Note Summer Sessions at Meritage Resort,B
Blue Ocean Music Hall,B
Blue Room Comedy Club,B
Blue Wahoos Stadium,B
Blueberry Hill Duck Room,B
Bluegrass Music Hall of Fame and Museum,B
Blues Alley,B
Bluestem Center for the Arts,B
Bluma Appel Theatre,B
BMO Center,B
BMO Centre,B
BMO Harris Pavilion,B
Bo's Bar and Stage,B
Boarding House Park,B
Boat Cruise Boston,B
Bob Carpenter Center - University of Delaware,B
Bob Carr Theater,B
Bob Devaney Sports Center,B
Bob Ford Field,B
Bob Hope Theatre,B
Bob Suter's Legacy20 Arena Middleton,B
Bob Turtle Smith Stadium - Shipley Field,B
Bob Warn Field at Sycamore Stadium,B
Bob Waters Field,B
Bobcat Ballpark,B
Bobcat Softball Stadium,B
Bobcat Stadium - MT,B
Boch Center Shubert Theatre,B
Boeing Center at Tech Port,B
Boerner Botanical Gardens,B
Boettcher Concert Hall,B
Bogart's,B
Boggus Ford Events Center,B
Bogle Park,B
Bogota Savings Bank Center,B
Bohler Gym,B
Boiler Shop,B
Boisfeuillet Jones Atlanta Civic Center,B
Bold Sphere Music at Champions Square,B
Bologna Performing Arts Center,B
Bon Secours Wellness Arena,B
BOND|ST Event Centre,B
Bonnaroo Manchester Farm,B
Bonnetts Energy Centre,B
Bonnyville & District Centennial Centre,B
Boondocks,B
Boone Pickens Stadium,B
Booster Club Arena,B
Boot Barn Hall at Bourbon Brothers-CO,B
Boot Barn Hall at Bourbon Brothers-FL,B
Booth Playhouse at Blumenthal Performing Arts Center,B
Bootleg Theater,B
Bord Gáis Energy Theatre,B
Borde Hill Garden,B
Borealis Theatre,B
Borgata Casino Event Center,B
Borgata Casino Music Box,B
Boshamer Stadium,B
Bosse Field,B
Boston Music Room,B
Boston Symphony Hall,B
Bottle and Cork,B
Bottlerocket Social Hall,B
Bottom Lounge,B
Boulder Station,B
Boulder Theater,B
Boulton Center for the Performing Arts,B
Bourbon Hall,B
Bourbon Theatre,B
Bournemouth International Centre,B
Bournemouth Pavilion Theatre,B
Boutwell Auditorium,B
Bowl in the Pines,B
Bowlin Stadium,B
Bowling Green Ballpark,B
Bowman Gray Stadium,B
Bowstring Bar & Grill,B
Bowstring Brewyard Raleigh,B
Box Elder County Fairgrounds,B
BOXPAC Project,B
Boyd County Fairgrounds,B
Boys & Girls Clubs of Mason Valley,B
bp pulse LIVE,B
Brad Garretts Comedy Club at MGM Hotel and Casino,B
Bradley Symphony Center,B
Braehead Arena,B
Brain Dead Studios,B
Brainerd International Raceway,B
Bramall Lane,B
Bramlage Coliseum,B
Brando's Speakeasy,B
Brandon Amphitheater,B
Brandt Centre,B
Brandywine,B
Branford 12,B
Brantford & District Civic Centre,B
Brauntex Performing Arts Theatre,B
Brave New Workshop at Dudley Riggs Theatre,B
Brazell Field at GCU Ballpark,B
Brea Improv,B
Breckenridge Riverwalk Center,B
Breckenridge Village,B
Breese Stevens Field,B
Bren Events Center at UC Irvine,B
Breslin Student Events Center,B
Brevard Music Center,B
Brewery Ommegang,B
Brewsky's,B
Brewster Street Ice House,B
Briar Street Theatre,B
BRIC Celebrate Brooklyn! Festival at Prospect Park Bandshell,B
Brick Breeden Fieldhouse,B
Brick by Brick,B
Brick Street,B
Brick's Off Road Park,B
Bricktown Comedy Club OKC,B
Bricktown Comedy Club Tulsa,B
Bricktown Events Center,B
Bridge Theatre,B
Bridge View Center,B
Bridgeforth Stadium,B
Bridges Auditorium @ The Claremont Colleges,B
Bridgeworks,B
Bridport Electric Palace,B
Briggs Farm Blues Festival,B
Bright Box Theater,B
Bright House Amphitheatre,B
Bright-Landry Hockey Center,B
Brighton Beach,B
Brighton Centre,B
Brighton Concorde 2,B
Brighton Dome,B
Brighton Pride Campsite,B
Brisbane SX International BMX Centre,B
Bristol Beacon,B
Bristol Dragway,B
Bristol Exchange Basement,B
Bristol Hippodrome,B
Bristol Motor Speedway,B
Bristol Trinity Centre,B
British Airways ARC,B
Britt Pavilion,B
Broad Ripple Park,B
Broad Street Bullies,B
Broadbent Arena,B
Broadcast,B
Broadlands,B
Broadmoor World Arena,B
Broadview Center,B
Broadview Stage at SPAC,B
Broadway Comedy Club,B
Broadway Playhouse at Water Tower Place,B
Broadway Theatre,B
Brock's Shack,B
Brockton Fields at Stanley Park,B
Bronson Centre,B
Brookhaven Amphitheater,B
Brookhaven Country Club,B
Brooklyn Academy of Music - Harvey Theater,B
Brooklyn Academy Of Music - Howard Gilman Opera House,B
Brooklyn Army Terminal - Pier 4,B
Brooklyn Arts Center,B
Brooklyn Bowl - Nashville,B
Brooklyn Bowl - Philadelphia,B
Brooklyn Comedy Collective,B
Brooklyn Live @ The Inlet,B
Brooklyn Made,B
Brooklyn Monarch,B
Brooklyn Navy Yard,B
Brooklyn Steel,B
Brooks Atkinson Theatre,B
Brooks Field,B
Brooks Stadium,B
Brookshire Grocery Arena,B
Brookside at the Rose Bowl,B
Broome County Forum,B
Broward Center for the Performing Arts,B
Broward Convention Center,B
Broward County Stadium,B
Brown & Brown Farms,B
Brown County Fair,B
Brown County Music Center,B
Brown County Veterans Memorial Complex,B
Brown Field,B
Brown's Island,B
Browns Stadium,B
Brownson Arena,B
Bruce's Field at Aiken Horse Park,B
Brudenell Social Club,B
Brunswick 10,B
Brushy Creek Amphitheater,B
Brushy Street Commons,B
Bryant Field,B
Bryant-Denny Stadium,B
BSU Gymnasium,B
BTI Center,B
Buccaneer Arena,B
Buccaneer Field House,B
Buchanan County Fairgrounds,B
"Buchanan Hall, Room 1940",B
Buck Hill,B
Buck Owens' Crystal Palace,B
Buck's Backyard,B
Buckeye Varsity Field,B
Bucks County Playhouse,B
Bud and Jackie Sellick Bowl,B
Bud Walton Arena,B
Buda Amphitheater and City Park,B
Budweiser Brewhouse,B
Buena Vista Aquatic and Recreational Area,B
Buffalo County Fairgrounds,B
Buffalo Iron Works,B
Buffalo Niagara Convention Center,B
Buffalo RiverWorks,B
Buffalo State Performing Arts Center,B
Buffalo Thunder Resort & Casino,B
Bug Jar,B
Bugsy's Cabaret - Flamingo Las Vegas,B
Building Five,B
Bull Run Restaurant,B
Bulldog Park,B
Burgess-Snow Field at AmFirst Stadium,B
Burial Beer Co. Forestry Camp Taproom,B
Burl's Creek,B
Burnham Waterfront,B
Burning Hills Amphitheatre,B
Burns Aquatics Center,B
Burns Arena,B
Burr Gymnasium,B
Burroughs & Chapin Pavilion Place,B
Burton Coliseum,B
Bush Hall,B
Bush Theatre,B
Bushey Grounds,B
Bushnell Park - Hartford,B
Business Design Centre,B
Buskirk-Chumley Theater,B
Bute Park,B
Buttermilk Mountain,B
Butterworth Hall,B
Buxton Opera House,B
Byers Theatre at Sandy Springs Performing Arts Center,B
Byham Theater,B
BYU Miller Park,B
C-Boys,C
CAA Arena,C
CAA Centre,C
CAA Park,C
Cabana Poolbar,C
Cabaret du Casino,C
Cabaret Sauvage,C
Cabarrus Arena,C
Cable Dahmer Arena,C
Cabooze Music Club,C
Cabooze Plaza,C
Cache County Event Center,C
Cache Creek Casino Event Center,C
CACTI Ballpark of the Palm Beaches,C
Cactus Club,C
Cactus Petes Resort Casino Amphitheatre,C
Cactus Petes Resort Casino Gala Showroom,C
Cactus Theater,C
Cadence Bank Arena,C
Cadence Bank Center,C
Cadet Field House,C
Cadillac Palace Theatre,C
Cadogan Hall,C
Caesar Uyesaka Stadium,C
Caesars Atlantic City,C
Caesars Southern Indiana,C
Cafe Colonial,C
Cafe Da Vinci,C
Cafe Wha?,C
Café Campus,C
Café de la Danse,C
Café Iguana,C
Cahn Auditorium,C
Cain Center For The Arts,C
Cain Park Evans Amphitheater,C
Cain's Ballroom,C
Caird Hall,C
Cairns Field,C
Cajun Field,C
Cajundome,C
Cal Coast Credit Union Open Air Theatre at SDSU,C
Cal Expo Show Arena,C
Cal Poly Pomona Athletic Field,C
Cal State Dominguez Hills,C
Cal State Long Beach,C
Caldicot Castle,C
Caldwell Night Rodeo Grounds,C
Caliente Tropics Hotel,C
"California Center for the Arts, Escondido",C
California Memorial Stadium,C
California Plaza,C
California State Fairgrounds,C
California State Railroad Museum,C
California Theatre,C
California Theatre Of The Performing Arts,C
Calihan Hall,C
Caloosa Sound Amphitheater,C
Calvert Street Stage,C
Calvin Gilmore Theatre - The Carolina Opry,C
Calvin Simmons Theatre,C
Cam Henderson Center,C
"Cambria, CA",C
Cambridge Junction,C
Cambridge Junction 2,C
Cambridge Room at House of Blues Cleveland,C
Cambridge Room at House of Blues Dallas,C
Cambridge Theatre,C
Cambridge United Football Club,C
Cameco Capitol Arts Centre,C
Camelback Ranch - Glendale,C
Camelot Theatres - CA,C
Cameron Hall,C
Cameron Indoor Stadium,C
Camp Eastman,C
Camp Fimfo Waco,C
Camp Margaritaville Resort Crystal Beach,C
Camp Ramblewood,C
Camp Randall Stadium,C
Campanelli Stadium,C
Campbell Hall,C
Camping World Stadium,C
Campus Field,C
Campus Rheinstars Köln,C
Camrose Regional Exhibition Grounds,C
Canadian Museum of History,C
Canal Club,C
Canal Park,C
Canal Room,C
Canberra Theatre,C
Canes Bar and Grill,C
Canfield Fairgrounds,C
Cannery Casino & Hotel,C
Cannery Hall,C
Cannery Hall - Amaranth,C
Cannery Hall - Mainstage,C
Cannery Hall - Off Site,C
Cannery Hall - Row One Stage,C
Cannery Hall - The Mil,C
Canoe Place Inn,C
Canton Memorial Civic Center,C
Cantrell Ultimate Rafting Campground and Resort,C
Canvas Club,C
Canvas Stadium,C
Canyon Amphitheater,C
Canyon Moon Ranch,C
Canyons Village at Park City Mountain,C
Cape Cod Melody Tent,C
Cape Fear Vineyard and Winery,C
Cape May Convention Hall,C
Capistrano Concert Hall,C
Capistrano Hall 151,C
Capital Ballroom,C
Capital Credit Union Park,C
Capital One City Parks Foundation SummerStage,C
Capital One Hall,C
Capital Region Amphitheater,C
Capital Turnaround,C
Capitol Center for the Arts - Chubb Theatre,C
Capitol City Comedy Club,C
Capitol Federal Amphitheater,C
Capitol Hill Block Party Festival Grounds,C
Capitol Music Club,C
Capitol Theater - Olympia,C
Capitol Theatre,C
Capitol Theatre Macon,C
Capitol Theatre Moncton,C
Capitol Theatre Wheeling,C
Capitol Theatre Yakima,C
Captain's Getaway,C
Car Park,C
Cara Hotel,C
Cardiff Principality Stadium,C
Cardiff University Great Hall,C
Cardinale Stadium,C
Cargo Reno,C
Caribbean Gardens,C
Caribe Royale Orlando,C
Carilion Clinic Field at Salem Memorial Ballpark,C
Carl Black Chevy Woods Amphitheater,C
Carl Perkins Civic Center,C
Carlisle Theatre,C
Carlson Family Stage at Northrop,C
CarMax Park,C
Carmichael Arena,C
Carnegie Hall,C
Carnegie Hall - Zankel Hall,C
Carnegie Library Music Hall,C
Carnegie Music Hall,C
Carnesecca Arena,C
Carnie Smith Stadium,C
Carnival Studio Theater,C
Carol's Pub,C
Carolina Country Music Festival Grounds at Myrtle Beach,C
Carolina Softball Stadium at Beckham Field,C
Carolina Theatre,C
Carolina Theatre of Greensboro,C
Carolina Volleyball Center,C
CaroMont Health Park,C
Carpenter Performing Arts Center,C
Carroll Track and Soccer Stadium,C
CarShield Field,C
Carson Creek Ranch,C
Carson Park - WI,C
Carter-Finley Stadium,C
Carteret Performing Arts and Events Center,C
Carver-Hawkeye Arena,C
Cary Hall,C
Cary's Booth Amphitheatre,C
Casa Blanca Ballroom,C
Casablanca Club,C
Casbah,C
Cascade Theatre,C
Cascades Amphitheater,C
Case Gymnasium,C
Casey's Center,C
Cashman Field,C
Casino Arizona,C
Casino de Paris,C
Casino Del Sol Stadium,C
Casino Nova Scotia,C
Casino Regina,C
Casper Events Center,C
Cassell Coliseum,C
Castaways,C
Castle Airport,C
Castle Theater,C
Cat's Cradle - Back Room,C
Catch One,C
Catch the Fever Music Festival Grounds,C
Category 10,C
Cathead Distillery,C
Cathedral Sanctuary At Immanuel Presbyterian,C
Catholic Health Amphitheater at Bald Hill,C
Cathouse Rock Club,C
Catton Park,C
Caveat,C
Cavendish Beach Music Festival Grounds,C
CCNB Amphitheatre at Heritage Park,C
CCu Event Center,C
Cedar County Fair Grounds,C
Cedar Creek Park,C
Cedartown Performing Arts Center,C
CEFCU Arena,C
CEFCU Stadium,C
Celebrate Brooklyn,C
Celebrities Nightclub,C
Celebrity Showroom Nugget Casino,C
Celebrity Silhouette,C
Celeste Center (Ohio State Fair),C
Celine Orlando,C
Cellairis Amphitheatre at Lakewood,C
Centene Stadium - MT,C
Centennial Bank Stadium,C
Centennial Concert Hall,C
Centennial Hall - AZ,C
Centennial Park,C
Centennial Park - ON,C
Centennial Park Canmore,C
Centennial Plaza,C
Centennial Terrace & Quarry,C
Center for the Arts,C
Center for the Arts of Homer,C
Center in the Square - Mill Mountain Theatre,C
Center Parc Stadium,C
Center Park West,C
Center Stage,C
Center Stage at Pearl River Resort,C
Center Stage Theater,C
Centerfire Place,C
Central Alberta Raceways,C
Central Bank Downtown Live,C
Central Chapelle,C
Central Community Centre,C
Central Florida Fairgrounds,C
Central Hall Westminster,C
Central Park,C
Central Park - Santa Clarita,C
Central Park's Great Lawn,C
Central Plaza - Fort Dodge,C
Central Wesleyan Church,C
Central Wisconsin State Fair,C
Centre 200,C
Centre Agnico Eagle,C
Centre d'Excellence Sports Rousseau,C
Centre Georges-Vézina,C
Centre Henry-Leonard,C
Centre In The Square,C
Centre Marcel Dionne,C
Centre Slush Puppie,C
Centre Stage - Greenville,C
Centre Vidéotron,C
Centre Wellington Community Sportsplex,C
Centrepiece,C
Centrium at Westerner Park,C
Centro Asturiano de Tampa,C
Centro de Bellas Artes de Caguas,C
Centro de Bellas Artes Luis A. Ferré,C
Century Casino - Calgary,C
Century Casino Cape Girardeau,C
Century Casino Showroom - Edmonton,C
Century II Convention Center - Concert Hall,C
CenturyLink Center,C
CenturyLink Center Omaha,C
Cermak Hall,C
Cerritos Center for the Performing Arts,C
Cervantes' Masterpiece Ballroom,C
Cervantes' Other Side,C
CFSB Center,C
CG Bank Field at Roy Kidd Stadium,C
CG's Comedy Club,C
Chace Athletic Center,C
Chad Richison Stadium,C
Chaifetz Arena,C
Chain Reaction,C
Chalk,C
Chamberfest Festival Grounds,C
Chambers Grant Salon,C
Chameleon Club,C
Champaign County Fair,C
Champions Square,C
Championship Field,C
Championship Soccer Stadium at the Orange County Great Park,C
Chan Centre for the Performing Arts,C
Chandler Center for the Arts,C
Chandler Music Hall,C
Channel 24,C
Chapiteau de l'Espace de Fontvieille,C
Chapter Hollywood,C
Charles E. Smith Center,C
Charles F. Dodge City Center,C
Charles Koch Arena,C
Charleston Civic Center,C
Charleston Coliseum & Convention Center,C
Charleston Gaillard Center,C
Charleston Theater,C
Charlie and Marie Lupton Baseball Stadium and Williams-Reilly Field,C
Charline McCombs Empire Theatre,C
Charlotte Coliseum,C
Charlotte County Fairgrounds,C
Charlotte Harbor Event and Conference Center,C
Charlotte Sports Park,C
Charter One Pavilion,C
Chartway Arena,C
Chase County Fair & Expo,C
Chase Fieldhouse,C
Chasing Rabbits,C
Chastain Amphitheater,C
Chastain Park Amphitheater,C
Chateau Ste. Michelle Winery,C
Chattanooga Memorial Auditorium,C
Chautauqua Amphitheater,C
Cheel Arena,C
Chelmsford Theatre,C
Chelsea Community Fair,C
Chelsea's Live,C
Cheltenham Town Hall,C
Chenery Auditorium,C
Cheney Stadium,C
Cherry Crest Adventure Farm,C
Cherry Peak Resort,C
Cherry Street Tavern,C
Cheryl Holt Field at Cathi Maynard Park,C
Chesapeake Arts Center,C
Chesapeake City Park,C
Chesapeake Employers Insurance Arena,C
Cheshire Fairgrounds,C
Chester Fritz Auditorium,C
Chesterfield Amphitheater,C
Chevalier Theater,C
Chevrolet Centre,C
Cheyenne Botanic Gardens,C
Cheyenne Civic Center,C
Cheyenne Frontier Days Arena,C
Cheyenne Ice & Events Center,C
Cheyenne Saloon,C
CHI Health Center Omaha,C
CHI Memorial Stadium,C
Chicago Improv,C
Chicago Plumbers Union Hall Parking Lot,C
Chicago Shakespeare Theatre,C
Chicago Street Race Course,C
Chicago Symphony Center,C
Chicago Theatre,C
Chicagoland Speedway,C
Chick Hearn Court,C
Chickasaw Bricktown Ballpark,C
Chickie Wah Wah,C
Chief's on Broadway,C
Children's Hospital Los Angeles,C
Chiles Center,C
Chilliwack Coliseum,C
Chilliwack Heritage Park,C
Chinook Winds Casino Resort,C
Chippewa Valley Country Fest,C
Chippewa Valley Theatre Guild Grand Theatre,C
Choctaw Casino - Grant,C
Choctaw Casino - Pocola,C
Choctaw Grand Theater,C
Choctaw Stadium,C
Chop Shop,C
Chop Suey,C
Christchurch Town Hall,C
Christian County Fair,C
Christl Arena,C
Christopher Kennedy Compound,C
Christy Mathewson-Memorial Stadium,C
Chrome Showroom,C
Chrysalis - Merriweather Park at Symphony Woods,C
Chrysler Hall,C
Chrysler Theatre,C
Chryst Field at Biemesderfer Stadium,C
CHS Field,C
Chuck Mathena Center,C
Chukchansi Gold Resort and Casino,C
Chukchansi Park,C
Chumash Casino,C
Church of 8 Wheels,C
Churchill Downs,C
Churchill Park,C
Churchill Theatre,C
CIBC Theatre,C
Cicerone Field at Anteater Ballpark,C
Cielo Farms Malibu,C
Cincinnati Music Hall,C
Cine El Rey,C
Cinemark 17 Pittsburgh Mills,C
Cinemark 20,C
Cinemark 24 Jordan Crossing,C
Cinemark at Seven Bridges,C
Cinemark Grand Rapids,C
Cinemark Tinseltown USA,C
Cinemark Tinseltown USA and XD,C
Cinemark Tulsa,C
Cinemark West Plano and XD,C
Cinespace Studios,C
Cineworld Superscreen at The O2,C
Cintas Center,C
Circle Square Cultural Center,C
Circo Hermanos Vazquez - Donna,C
Circus Flora in Grand Center,C
Circus Maximus,C
Circus Maximus Theater at Caesars Palace,C
Citadel Theatre,C
Citi Performing Arts Center,C
Citizens Opera House,C
City Auditorium,C
City Hall,C
City Hall Live,C
City Market,C
City Market Social House - Los Angeles,C
City National Arena,C
City of Palms Park,C
City Opera House,C
City Park,C
City Park - UT,C
City Plaza Reno,C
City Stadium - Richmond,C
City Tavern,C
City Varieties Music Hall,C
City Winery Atlanta,C
City Winery Boston,C
City Winery Chicago,C
City Winery Napa,C
City Winery Nashville,C
City Winery NYC,C
City Winery Philadelphia,C
City Winery Pittsburgh,C
City Winery STL,C
Civic Center - Salt Lake City,C
Civic Center Banquet Hall,C
Civic Center Coliseum,C
Civic Center Exhibit Hall,C
Civic Center Park,C
Civic Center Theatre,C
Civic Field,C
Civic Theatre Newcastle,C
Clackamas County Fair & Event Center,C
Clapham Common,C
Clare Drake Arena,C
Claremont Opera House,C
Clark-LeClair Stadium,C
Clarke Stadium,C
Clarksburg Amphitheater,C
Class of 1952 Stadium,C
Class of 1965 Arena,C
Classic Auto Group Park,C
Clay Center,C
Clay County Agricultural Fair,C
Clay County Regional Events Center,C
Clay Gould Ballpark,C
Clay's Park and Resort,C
"Clayton, CA",C
Claytons Beach Bar and Event Venue,C
Clear Channel Metroplex,C
Clearfield County Fairgrounds,C
Clearview Arena at the RMU Island Sports Center,C
Clearwater River Casino,C
Clearwater's Big Rodeo,C
Clemens Center,C
Clemson Memorial Stadium,C
Clemson University - Upper Intramural Field,C
Cleveland Public Auditorium,C
Cliff Bell's,C
Cliffs Pavilion,C
Clifton Downs,C
Clinton Riverfront,C
Clive Davis Theater,C
Clock-out Lounge,C
Clover Park,C
Clover Stadium,C
Clovis Rodeo,C
Clowes Memorial Hall,C
Clown Lounge,C
Club 101,C
Club Bahia,C
Club Cafe,C
Club Cheek,C
Club Cinema,C
Club Congress,C
Club Escapade,C
Club Firestone,C
Club Infinity,C
Club LA,C
CLUB LOVE,C
Club M2 Miami,C
Club Passim,C
Club Regent Casino,C
Club SAW,C
Club Six,C
Club Soda,C
Club Tropicana,C
Club Vinyl,C
Clune Arena,C
Clwb Ifor Bach,C
Clyde Auditorium,C
Clyde Rooms,C
CM Performing Arts Center,C
CMA Theater,C
CNA Arena Akita,C
Co-op Live,C
Co-op Place,C
Coastal Credit Union Music Park at Walnut Creek,C
CoBank Arena at the National Western Center,C
CoBank Flex Space at the National Western Center,C
Cobb's Comedy Club,C
Cobo Arena,C
Cobra Lounge,C
Coca-Cola Amphitheater,C
Coca-Cola Music Hall of Puerto Rico,C
Coca-Cola Park,C
Cocoa Beach Pier,C
Cocoa Riverfront Park,C
Coda,C
CODA - Toronto,C
Codfish Hollow Barnstormers,C
Coeur d'Alene Casino,C
Coffee Butler Amphitheater,C
Coffee Shop at The Nile Theater,C
COHAB.SPACE,C
Colchester Arts Centre,C
Colchester Castle Park,C
Coleman Coliseum,C
Colfax Events Center,C
Coliseo Roberto Clemente,C
Colisée Desjardins,C
Colisée Financière Sun Life,C
Colisée Vidéotron,C
College of Charleston Baseball Stadium,C
College of Charleston Cistern Yard,C
College Street Music Hall,C
Collins Center for the Arts,C
Colonial Downs Racetrack,C
Colonial Life Arena,C
Colonial Oak Music Park,C
Colonial Theater,C
Colonial Theatre,C
Colonial Theatre - Keene,C
Colonial Theatre Laconia,C
Colonial Theatre Phoenixville,C
Colonial Theatre Pittsfield,C
Colony,C
Colony Theatre,C
Colorado Convention Center,C
Colorado Mills,C
Colorado State Fair,C
Colour Factory,C
Colour Factory Garden,C
Colours,C
Columbia City Theater,C
Columbia County Performing Arts Center,C
Columbia Museum of Art,C
Columbia Place Mall,C
Columbia Theatre,C
Columbiahalle,C
Columbus Athenaeum,C
Columbus Commons,C
Columbus Funny Bone,C
Colusa Casino Resort,C
Comcast Arena at Everett,C
Comcast Theatre,C
Come and Take It Live,C
Comedy at The Carlson,C
Comedy Bar Danforth,C
Comedy Cabana,C
Comedy Key West,C
Comedy Off Broadway,C
Comedy on State,C
Comedy Vault,C
Comedy Works - South at The Landmark,C
Comedy Zone Charlotte,C
Comedy Zone Greensboro,C
Comedy Zone Greenville,C
Comedy Zone Jacksonville,C
Comerica Center,C
Comfort Dental Amphitheatre,C
Comic Strip Live New York,C
Cominco Arena,C
COMMA Performing Arts Center,C
Commerce Bank Arts Center,C
Commerce Center 18,C
Commerce Township 14,C
CommonSpirit Health Stage at Gatton Park,C
Commonwealth Bar,C
Community America Ballpark,C
Community Center Theater,C
Compton Family Ice Arena,C
Compuware Arena,C
Concerts On The Green at Qualcomm Stadium,C
Concerts Under the Stars,C
Concord Music Hall,C
Concrete Street Amphitheater,C
Condron Ballpark,C
Conduit,C
Conexus Arts Centre,C
Coney Island Amphitheater,C
Confederation Centre of the Arts,C
Confederation Park,C
Conga Room,C
Congress Theater,C
Congress Theatre,C
Congressional Country Club,C
Conner Prairie Amphitheatre,C
Connexin Live,C
Connie Claussen Field,C
Conseco Fieldhouse,C
Constellation Chicago,C
Constellation Field,C
Constellation Room,C
Constitution Hall,C
Contact Theatre,C
Conte Forum,C
Continental Club,C
Continental Club Oakland,C
Convention Hall,C
Cooking School of Aspen,C
Cooks Garage,C
Cooks Valley Campground,C
Cool Japan Osaka,C
Coolray Field,C
CoolToday Park,C
Cooper Field,C
Coopers BBQ Live,C
Coopers Stadium,C
Coors Amphitheatre,C
Coors Event Centre,C
Coors Light Birds Nest,C
Coosa Valley Fairgrounds,C
Copeland Park,C
Copernicus Center,C
Coppell Arts Center,C
Copper Box Arena,C
Copper Mountain Resort,C
Coral Springs Center for the Arts,C
Corbett Field,C
Corbett Soccer Stadium,C
Corbett Sports Center,C
Corbin Arena,C
Corn Exchange Brighton,C
Corn Exchange Ipswich,C
Corn Exchange Newbury,C
Corn Exchange Theatre,C
Corn Palace,C
Corner Hotel,C
Cornerstone,C
Corona Stage at Del Mar Fairgrounds,C
Coronado Performing Arts Center,C
Corsica Studios,C
Corson Auditorium,C
Corteva Coliseum at Indiana State Fairgrounds and Event Center,C
Corwin Pavilion,C
Coshocton County Fairgrounds,C
Cosmopolitan of Las Vegas,C
Costello Athletic Center,C
Cotterell Court,C
Cotton Bowl Stadium,C
Cottonwood High School,C
Cougar Softball Stadium,C
Count's Vamp'd Rock Bar & Grill,C
Country Boom Grounds,C
Country Club Hills Amphitheater,C
Country Drive Golf Course,C
Country Jam Colorado,C
Country Jam USA Festival Grounds,C
Country on the River Grounds,C
Country River Club,C
Country Thunder Saskatchewan Grounds,C
Country USA,C
Coupland Dancehall,C
Coushatta Casino Resort,C
Covelli Center - Columbus,C
Covelli Centre - Youngstown,C
Covenant Health Park,C
Coventry Building Society Arena,C
Coves Amphitheater,C
Covey Center for the Arts,C
Cow Palace,C
Cow Palace - Warehouse,C
Cowboy Stadium,C
Cowboys Dancehall,C
Cowboys Dancehall - Calgary,C
Cowboys Park,C
Cowboys Saloon,C
Cowboys Stadium,C
Cowgirl Stadium,C
Cowichan Community Centre,C
Cowlitz Ballroom at Ilani Casino Resort,C
Cowpokes,C
Cowtown Coliseum,C
Cox Arena,C
Cox Convention Center,C
Cox Pavillion,C
Coyote Country Store,C
Coyote Joe's,C
Coyote's,C
CPKC Stadium,C
Crafthouse Stage & Grill,C
Cramton Bowl,C
Cranmore Park,C
Craven Park Stadium,C
CRC Roofers Coliseum,C
Credit One Stadium,C
Credit Union 1 Amphitheatre,C
Credit Union 1 Arena at UIC,C
Credit Union of Texas Event Center,C
Credit Union Place,C
Crescent Theatre,C
Crest Theatre,C
Crest Theatre at Old School Square,C
Cricket Arena,C
Crisler Arena,C
Crisler Center,C
Criss Angel Theater at Planet Hollywood Las Vegas,C
Criterion Theatre,C
Crocodile Rock,C
Croix-Bleue Medavie Stadium,C
Cropredy Festival Site,C
Crosby Fair and Rodeo,C
Cross Insurance Arena,C
Cross Insurance Center,C
Crossgates Stadium 18,C
Crossroads - Garwood,C
Crossroads Arena,C
Croswell Opera House,C
Crown Arena,C
Crown Coliseum,C
Crown Festival Park at Sugar Land,C
Crown Hall at Budweiser Brew House,C
Crown Hill Theatre,C
Crown Room - Crystal Bay Casino,C
Crown Theatre,C
Crown Uptown Theatre,C
Croydon Road Recreation Ground,C
Crusens Peoria,C
Crutcher Scott Field,C
Cruzan Amphitheatre,C
Crybaby,C
Crypto.com Arena Pepperdine Classroom,C
Crypto.com Arena Tours,C
"Crypto.com Arena, City View Terrace",C
Crystal Ballroom at Somerville Theatre,C
Crystal Ballroom at the Masonic Temple,C
Crystal Grand Music Theatre,C
Crystal Palace Bowl,C
CSU Convocation Center,C
CSUN Premier America Credit Union Arena,C
CU Events Center,C
Cubby Bear,C
Cuddy Family Midtown Park,C
Cullen Performance Hall,C
Cullman Strawberry Festival,C
Culture DC,C
Culture Room,C
Cumberland County Civic Center,C
Curb Event Center,C
CURE Insurance Arena,C
Curran Theatre,C
Curry Arena,C
Curtis Culwell Center,C
Curtis M. Phillips Center for Performing Arts,C
Cuthbert Amphitheater,C
Cynthia Woods Mitchell Pavilion,C
Cypress Reno,C
D.L. Ligon Coliseum,D
DAA Northwest,D
Dacotah Bank Center,D
DAER Nightclub,D
Dahlberg Arena,D
Dail Softball Stadium,D
Daily's Place,D
Dairy Creek Golf Course,D
Dakota,D
Dakota Community Bank and Trust Ballpark,D
Dakota Magic Casino,D
DakotaDome,D
Dale E. and Sarah Ann Fowler Events Center,D
Dallas Arboretum,D
Dallas Comedy Club - Club Theater,D
Dallas Comedy Club - Mainstage Theater,D
Dallas Convention Center Arena,D
Dallas Market Hall,D
Dallas Museum of Art,D
Daltons,D
Dan Law Field at Rip Griffin Park,D
Dan's Silverleaf,D
Dana J Dykhouse Stadium,D
Danbury Ice Arena,D
Dancespace Solano Hall,D
Danenberger Family Vineyards,D
Daniel S Frawley Stadium,D
Dante's,D
Dante's Italian Eatery,D
Danville Stadium Cinemas 12,D
DAR Constitution Hall,D
Darkstar,D
Darling Tennis Center,D
Darlington Raceway,D
Darrell K Royal - Texas Memorial Stadium,D
Darrington Bluegrass Music Park,D
Dartmouth Sportsplex,D
Darwen Library Theatre,D
Daryl Roth Theatre,D
Daryl's House Club,D
Daskalakis Athletic Center,D
DATCU Stadium,D
Davenport Field at Disharoon Park,D
David Booth Kansas Memorial Stadium,D
David Copperfield Theater at MGM Grand,D
David F. Couch Ballpark,D
"David Geffen Hall, Lincoln Center",D
David H. Koch Theater,D
David L. Lawrence Convention Center,D
David Story Field,D
Davidson College Stadium,D
Davis and Elkins College,D
Davis Diamond,D
Davis Wade Stadium at Scott Field,D
Day Air Ballpark,D
Days of 47 Arena,D
Dayton Masonic Center,D
Daytona Beach Bandshell,D
Daytona International Speedway,D
Daytona Stadium,D
DC Comedy Loft,D
DC Improv,D
DC9 Nightclub,D
De La Warr Pavilion,D
De Montfort Hall,D
de Young Museum,D
Dead Set,D
Deadwood Mountain Grand,D
Dean E. Smith Center,D
Dean Smith Center,D
Debauchery,D
Decca Live,D
Dee Events Center,D
Dee Glen Smith Spectrum,D
Deep Dive,D
Deep Ellum Art Company,D
Deer Lake Park,D
Dehler Park,D
DeJoria Center,D
Del Mar Fairgrounds,D
Del Mar Thoroughbred Club,D
Delaware County Fair - Iowa,D
Delaware Stadium,D
Delaware State Fair - M&T Bank Grandstand,D
Delaware State Fairgrounds,D
Dell Diamond,D
Delmar Hall,D
Delray Beach Tennis Center,D
Delta Bessborough Gardens,D
Delta Dental Park,D
Delta Dental Stadium,D
Delta Hall at The Eccles,D
DeltaPlex Arena,D
Deluxe at Old National Centre,D
Deluxx Fluxx,D
Dennison Theatre,D
Denny Sanford PREMIER Center,D
Denver Coliseum,D
Denver Improv,D
Denver Pavillions,D
DEPOT,D
Depot Mayfield,D
Des Moines Civic Center,D
Des Moines Funny Bone,D
Des Plaines Theatre,D
Descanso Beach Club,D
Deschutes County Fairgrounds and Expo Center,D
Deseret Peak Complex,D
Desert 5 Spot,D
Desert Breeze Events Center,D
Desert Diamond Arena,D
Desert Diamond Casino,D
Desert Financial Arena,D
Desert Ridge Improv,D
Desmond Building 6th Floor,D
Desoto Civic Center,D
Detrick Gymnasium,D
Detroit Bar,D
Detroit Golf Club,D
Detroit House of Comedy,D
Detroit Opera House,D
Devil's Backbone Tavern,D
Devon Lakeshore Amphitheater,D
Devon Park,D
DeVos Performance Hall,D
Diamond Ballroom,D
Diamond Music Hall,D
Diamondback Music Hall,D
Dick Howser Stadium,D
Dickens,D
Dickey Stephens Park,D
Diddle Arena,D
Digital,D
Dignity Health Amphitheatre,D
Dignity Health Arena,D
Dignity Health Convention Center,D
Dignity Health Sports Park,D
DIGNITY HEALTH SPORTS PARK - Track & Field Stadium,D
Dignity Health Sports Park Tennis Stadium,D
Dignity Health Theater,D
Dillon Amphitheater,D
Dingbatz,D
Dingwalls,D
Dingwalls 2,D
Discover Mills 18,D
Discovery Park,D
District 142,D
District 8 Night Club,D
District Atlanta,D
District Live - Savannah,D
District Music Hall,D
District N9NE,D
District Park Easley,D
Dive at Harrahs Resort SoCal,D
Divots Events Center,D
Dix Stadium,D
Dixie Landin' Amusement Park,D
Dixie Roadhouse,D
DJ Sokol Arena,D
Doak Campbell Stadium,D
Doak Field at Dail Park,D
Dobson Arena,D
Dock Street Theatre,D
Dock X,D
Dodge Arena,D
Dodge County Fairgrounds - Nebraska,D
Dodge County Fairgrounds - WI,D
Dodge Theatre,D
Doggett Ford Park,D
Doheny State Beach,D
Dolby Live at Park MGM,D
Dominion Energy Center,D
Dominion Theatre,D
Don Quixote,D
Don Sanders Field at Darryl & Lori Schroeder Park,D
Don Sanders Stadium,D
Donald E. Stephens Convention Center,D
Donald N. Dedmon Center,D
Donald Tucker Center at Leon County Civic Center,D
Donald W. Reynolds Razorback Stadium,D
Donington Park,D
Dorothea Dix Park,D
Dorothy Chandler Pavilion,D
Dorrance Field,D
Dort Financial Center,D
Dos Equis Pavilion,D
Dos Lagos Amphitheater,D
Dosey Doe - The Big Barn,D
Double Dragon,D
Double JJ Resort,D
Doug Kingsmore Stadium,D
Doug Mitchell Thunderbird Sports Centre,D
Douglas County Event Center,D
Douglas County Fairgrounds - Roseburg,D
Douglas E. Stephens Convention Center,D
Douglass Park,D
Dover Motor Speedway,D
Dow Diamond,D
Dowdy-Ficklen Stadium,D
Downey Theatre,D
Downstairs at The Dome,D
Downstairs Park City,D
Downstream Casino Resort,D
Downsview Park,D
Downtown Aspen,D
Downtown Aspen / Snowmass Town Park,D
Downtown Billings SkatePark,D
Downtown Birmingham,D
Downtown Denver,D
Downtown Historic McKinney Square,D
Downtown LA,D
Downtown Las Vegas Events Center,D
Downtown Music Hall,D
Downtown Royal Oak,D
Downtown West Palm Beach,D
Doyt L. Perry Stadium,D
Dozer Park,D
DPAC,D
DPRTMNT,D
Dr Pepper Arena,D
Dr. Grins Comedy Club,D
Dr. Pepper Park,D
Dr. Phillips Center - Walt Disney Theater,D
Dr. Phillips Center Frontyard Festival,D
Dr. Phillips Center – Steinmetz Hall,D
Draddy Gymnasium,D
DraftKings Sports & Social Columbus,D
DraftKings Sports & Social Nashville,D
DraftKings Sports & Social Troy,D
DraftKings Sportsbook at Wrigley Field,D
Dragons Den,D
Drake Hotel Toronto,D
Drake Stadium,D
Drake's: The Barn,D
"Dreamland Margate, Ballroom",D
"Dreamland Margate, Hall By The Sea",D
"Dreamland Margate, Roller Room",D
"Dreamland Margate, Scenic Stage",D
Dreamland Sunshine Cafe,D
Drexel University,D
Driftless Music Gardens,D
Drill Shed Margate,D
Drkmttr,D
Druid City Music Hall,D
Drunk Shakespeare - The Rose Theatre,D
Drury Lane Theatre Oakbrook Terrace,D
DTE Energy Music Theatre,D
Duane Banks Field,D
Duane Stadium,D
Dudy Noble Field,D
Duke Energy Center for the Arts – Mahaffey Theater,D
Duke Energy Center for the Performing Arts,D
Duke Of York's Theatre,D
Duke Softball Stadium,D
Duke's Indy,D
Dukes Meadows Golf Club,D
Duling Hall,D
Duluth Entertainment Center,D
Duly Health And Care Field,D
Dumke Family Softball Stadium,D
Dundee Slessor Gardens,D
Dune Peninsula,D
Dungeons and Dragons The Twenty-Sided Tavern,D
Dunkin' Park,D
Dunn-Oliver Acadome,D
DuQuoin State Fair,D
Durango Casino and Resort Agave Ballroom,D
Durham Bulls Athletic Park,D
Durham County Stadium,D
Durty Nellie's,D
DUST,D
Dusty Armadillo,D
Dwyer Ice Arena,D
Dynasty Typewriter at the Hayworth,D
E.J. Thomas Performing Arts Hall,E
Eagle Mountain Casino,E
Eagle Theater,E
EagleBank Arena,E
Eagles Theatre,E
Eagleview Town Center,E
Earl W. Brydges Artpark,E
Earle Theatre,E
Earlham Park,E
"Earls Court, London",E
EartH (Evolutionary Arts Hackney),E
Earth Rider Brewery,E
East Atlanta Village,E
East Austin Comedy Club,E
East End Studios,E
East Texas State Fair,E
Eastern Idaho State Fair,E
Eastern Michigan University Convocation Center,E
Eastern Montana Fairgrounds,E
Eastlink Centre Grande Prairie,E
Eastman Credit Union Field,E
Eastman Theatre,E
Easton Stadium,E
Eastside Bowl,E
EastVille Comedy Club,E
Eastwood Field,E
Eau Claire Event District,E
Eccles Coliseum,E
Eccles Theater,E
Echelon,E
Echo Mountain Ski Area,E
EchoPark Speedway,E
Echostage,E
Eck Stadium - Tyler Field,E
Ector County Coliseum,E
Ed Fry Arena,E
Ed Robson Arena,E
Ed Smith Stadium,E
Eddie C. Moore Softball Complex,E
Eddie G. Robinson Memorial Stadium,E
Eddie's Attic,E
Edelweiss Port,E
Eden Court,E
Eden Park,E
Eden Project,E
Edge - Hudson Yards,E
Edinburgh Castle,E
Edinburgh Corn Exchange,E
Edinburgh Playhouse,E
Edison Mall,E
Edmond Town Hall,E
Edmonton Convention Centre,E
Edmonton EXPO Centre,E
Edmunds Center,E
Edward A. LeLacheur Park,E
Edwards Alhambra Renaissance Stadium 14 & IMAX,E
Edwards Auditorium,E
Edwards Boise Stadium 22 & IMAX,E
Edwards Fresno Stadium 22 & IMAX,E
Edwards Houston Marq'e Stadium 23 & IMAX,E
Edwards Irvine Spectrum 21 IMAX & RPX,E
Edwards Mira Mesa Stadium 18 IMAX & RPX,E
Edwards Valencia 12,E
Edwards Valencia Stadium 12 & IMAX,E
EECU Center,E
Effex NightClub,E
Effingham County Fairgrounds,E
Effingham Performance Center,E
Egyptian Theatre,E
Egyptian Theatre - DeKalb,E
Egyptian Theatre - UT,E
Eisemann Center,E
Eissey Campus Theatre,E
Ej Nutter Center,E
EKU Center for the Arts,E
El Cid,E
El Corazon,E
El Corazón,E
El Dorado Fairgrounds,E
El Metropolitan Banquet Hall LLC,E
El Mocambo,E
El Paso Comic Strip,E
El Paso Convention Center,E
El Paso County Coliseum,E
El Portal Theatre,E
El Rey Theater,E
El Rey Theatre,E
El Teatro of El Museo del Barrio,E
Eldora Speedway,E
Eldorado Hotel Casino Reno,E
Eleanor R. Baldwin Arena,E
Electric Ballroom,E
Electric Bristol,E
Electric Brixton,E
Electric City,E
Electric Haze,E
Electric Playhouse,E
ELEKTRICITY Nightclub,E
Elevation 27,E
Elitch Gardens Theme Park,E
Elkhart County Fairgrounds,E
Elko County Fairgrounds,E
Elkton Music Hall,E
Ellen Eccles Theatre,E
Ellen's at The House of KOKO,E
Ellensburg Rodeo Arena,E
Ellie Caulkins Opera House,E
Elliot Ballpark,E
Elliott Field at Don Beebe Stadium,E
Elliott Hall of Music,E
Elliott T. Bowers Stadium,E
Ellis Field,E
Ellis Park Racing & Gaming,E
Ellis Theater,E
Elma Roane Fieldhouse,E
Elmwood Park Amphitheater,E
Elsewhere,E
Elsewhere - The Hall,E
Elsewhere - Zone One,E
Embarcadero Hall,E
Embarcadero Marina Park North,E
Embassy Suites Denver Downtown,E
Embassy Suites Hilton Dallas Frisco,E
Embassy Theatre,E
Emens Auditorium,E
Emerald Coast Convention Center,E
Emerald Queen Casino,E
Emerald Theatre,E
Emerald Theatre Houston,E
Emerson Center for Arts and Culture,E
Emerson Paramount Center,E
Emirates Old Trafford,E
Emirates Stadium,E
Emmet County Fairgrounds,E
Emo's Austin,E
Empire Live - Underground,E
Empire Polo Club,E
"Empire Polo Club, Coachella Music Festival",E
Empire Polo Field,E
Empire Polo Field - 2 Day Pass,E
Empire Polo Field - Tent Camping,E
Empower Federal Credit Union Amphitheater at Lakeview,E
Empress Ballroom,E
En-Joie Golf Course,E
EnCana Events Centre,E
Enclave,E
ENCORE,E
Encore Beach Club,E
Encore Events,E
Encore Theater At Wynn Las Vegas,E
Enercare Centre,E
Energy Solutions Arena,E
Engine Room,E
Engine Rooms,E
England Brothers Park,E
Englefield House,E
English Field at Atlantic Union Bank Park,E
Enmarket Arena,E
Enmore Theatre,E
Enso Event Centre,E
Entré Sundsvall,E
Epic,E
EPIC Event Center,E
Epic Studios,E
Epic Theatres of St. Augustine,E
Epstein Family Amphitheater,E
EQ San Diego,E
EQT Park,E
Equestrian Village,E
Equity Bank Park,E
Erie Civic Center,E
Erie County Fairgrounds,E
Erie Insurance Arena,E
Erin Hills,E
Erindale Studio Theatre,E
Erlanger Park,E
Ernest W. Spangler Stadium,E
Escapade 2001,E
ESL Ballpark,E
Espace Carpe Diem,E
Esperanza Cocina de la Playa,E
Esplanade Arts & Heritage Centre,E
Esplanade du Parc Olympique,E
ESPN Wide World of Sports,E
ESPN Zone,E
Essentia Health Plaza at The Lights,E
Estadio Francisco Montaner,E
Estadio Hiram Bithorn,E
Estadio Yldefonso Solá Morales,E
Estes Stadium,E
Estrad Arena,E
Etihad Stadium,E
eTown Hall,E
ETSU Martin Center for the Arts,E
Eulogy,E
Eureka Municipal Auditorium,E
Eureka Springs City Auditorium,E
Eutopia Warehouse,E
Evangeline Downs Racetrack & Casino,E
Evans Diamond at Stu Gordon Stadium,E
Evanston SPACE,E
Event Center at San Jose State University,E
Eventim Apollo,E
Events Center at Harrahs Resort SoCal,E
EverBank Field,E
Everett Memorial Stadium,E
Evergreen Speedway,E
Evergreen State Fairgrounds,E
Evolution London,E
Ewigleben Sports Complex,E
Excalibur Hotel and Casino,E
ExCeL London,E
Exchange,E
Exchange Event Centre,E
Exchange LA,E
Exchange Park Fairground,E
Excite Ballpark,E
EXDO Events Center,E
Exeter Corn Exchange,E
Exeter Phoenix,E
Exeter University,E
Exhibition Lands Racetrack,E
Exhibition White City,E
Exit 33 at Turning Stone Resort Casino,E
Exit/In,E
ExploreAsheville.com Arena,E
Expo Center,E
Expo Center of Taylor County,E
Expo Five,E
Expo Idaho,E
Expo New Mexico,E
Expo Village,E
Expo'70 Commemorative Park,E
Exposition Park South Lawn,E
Extraco Events Center,E
ExtraMile Arena,E
E・プラザいしかわ,E
F&M Bank Arena,F
F.G Clark Activity Center,F
F1 Las Vegas Strip Autodrome,F
Fabric,F
Fabulous Fox Theatre - Atlanta,F
Factory 251,F
Factory Theatre,F
Factory Town,F
Fair Grounds Race Course,F
Fair Grounds Race Course & Slots,F
Fair Park,F
Fair Park Coliseum,F
Fairbury American Legion Speedway,F
Fairfax Center,F
Fairfield Halls,F
Fairfield Properties Ballpark,F
Fairfield Theatre Company,F
Fairmount Park,F
Fairplex At Pomona,F
Fairplex Pomona,F
Faith in Strangers,F
Falcon Stadium,F
Fallsview Event Grounds,F
Family Arena,F
FAMU Al Lawson Jr. Multipurpose Center,F
Fan Park at ICE District,F
FanDuel Sports Network Live!,F
Fant-Ewing Coliseum,F
Fantasy Springs Resort Casino Special Events Center,F
Fareham Live,F
Fargo Brewing Company,F
Fargo Theatre,F
Fargodome,F
Farm League Brewing,F
Farm of Beverly Hills,F
FarmJam Festival Grounds,F
Farrand Field,F
Farris Center,F
Farris Field,F
Fat Daddy's,F
Faurot Field,F
FC Dallas Stadium,F
FDR Park,F
Federal Way PAEC,F
FedExPark,F
Felton Music Hall,F
Fergs Sports Bar,F
Ferguson Center for the Arts,F
"Ferguson Hall at the David A. Straz Center, Jr. Center",F
Ferrell Center,F
Ferris Wheelers Backyard and BBQ,F
Fertitta Center,F
Festival at Sandpoint,F
Festival Grounds at City Park,F
Festival Grounds at RFK Stadium,F
Festival Grounds at Shoreline Waterfront,F
Festival Hall,F
Festival Pavilion at Fort Mason,F
Festival Western St-Tite,F
FestiVoix de Trois-Rivières,F
Festspielhaus Neuschwanstein,F
Fiddler's Green Amphitheatre,F
Field and Stream Music Fest,F
Field of Dreams,F
Field of Dreams Sonoma,F
Fieldhouse Arena,F
Fifth Third Arena,F
Fifth Third Field,F
Fifth Third Park,F
Fifth Third Stadium,F
Filene Center at Wolf Trap,F
Fillmore Minneapolis,F
FIM Capitol Theatre,F
Finch Field,F
Findlay Toyota Center,F
Fine Arts Building Chicago,F
Fine Line,F
Finkenberg Open Air Gelände,F
Finley Stadium,F
Finneran Pavilion,F
Finsbury Park,F
Firebird Motorsports Park,F
Firefly Distillery,F
FireKeepers Casino,F
FireLake Grand Casino,F
Firestone Fieldhouse,F
Firestone Grand Prix of St. Petersburg,F
Firestone Live,F
First Avenue & 7th St Entry,F
First Avenue Club,F
First Bank and Trust Arena,F
First Church Cambridge,F
First Community Arena at Vadalabene Center,F
First Congregational Church of Los Angeles,F
first direct bank arena,F
First Financial Credit Union Amphitheater,F
First Financial Music Hall,F
First Horizon Park,F
First Interstate Arena at MetraPark,F
First Interstate Center for the Arts,F
First National Bank Arena,F
First National Bank Field,F
First Security Amphitheater,F
First United Bank Center,F
FirstBank Amphitheater,F
FirstBank Stadium,F
FirstEnergy Stadium,F
FirstEnergy Stadium Akron,F
FirstOntario Arts Centre Milton,F
FirstOntario Concert Hall,F
FirstOntario Performing Arts Centre,F
Fisher Center for the Performing Arts,F
Fisher Stadium,F
Fisher Theatre,F
Fishers Event Center,F
Fitzgerald Field House,F
Fitzgerald's,F
FitzGerald's Berwyn,F
Fitzgerald's Sidebar,F
FIU Soccer Stadium,F
FIVE,F
Five County Stadium,F
Five Flags Center,F
Five Points Neighborhood,F
Five Points Theatre,F
Five Star Bar,F
Five Star Stadium,F
FivePoint Amphitheatre,F
Flagler Crecit Union Stadium,F
Flagstar at Westbury Music Fair,F
Flagstar Strand Theatre,F
Flamingo Showroom at Flamingo Las Vegas,F
Flash,F
Flato Markham Theatre,F
Fleming Gymnasium,F
Fleming's Steakhouse,F
Flickinger Center for Performing Arts,F
Flint Center,F
Float Rite Park Amphitheatre,F
Floral Pavilion Theatre,F
Florence Civic Center,F
Florence Gould Hall,F
Florida Horse Park,F
Florida Sand Music Ranch,F
Florida State Fairgrounds Expo Hall,F
Florida Strawberry Festival Grounds,F
Florida Theatre,F
Flour City Station,F
Floyd Stadium,F
Floydfest Grounds,F
Fluor Field,F
Flushing Meadows Corona Park,F
Flynn Center for the Performing Arts,F
Flyway At Fox,F
FM Restaurant,F
FNB Field,F
FNB Stadium Pittsburgh,F
Foellinger Outdoor Theatre,F
Foley Field,F
Folklore,F
Folsom Field Stadium,F
"Folsom, CA",F
Fond Du Lac County Fairgrounds,F
Fonda Theatre,F
Fonner Park - Nebraska State Fair,F
Fontainebleau Las Vegas,F
Fontainebleau Las Vegas - Azure Ballroom,F
Food City Center,F
Foote Field,F
Footprint Center,F
Force Fields Music Festival,F
Ford Amphitheatre,F
Ford Center,F
Ford Center at The Star,F
Ford Center for Performing Arts Oriental Theatre,F
Ford Festival Park,F
Ford Ice Center Clarksville,F
Ford Idaho Center Amphitheater,F
Ford Idaho Center Arena,F
Ford Park,F
Ford Park Live,F
Ford Wyoming Center,F
ForeFront Field,F
Forest Lake Sports Center,F
Forest Park,F
Fort Adams State Park,F
Fort Anahuac Park,F
Fort Bend Epicenter,F
Fort Calgary,F
Fort Cheyenne,F
Fort Lauderdale Beach Park,F
Fort Lauderdale Improv,F
Fort Mose Historic State Park,F
Fort Smith Convention Center,F
Fort Worth Stockyards,F
Fortera Stadium,F
Fortuna Spiegeltent @ The O2,F
Fortune Bay Resort Casino,F
Fortune Sound Club,F
Forum River Center,F
Foster Auditorium,F
Foster Pavilion,F
Foto Club,F
Founders Park,F
Fountain Ballroom at The Masonic,F
Fountain Street Church,F
Four Quarters Farm,F
Four Winds Field at Coveleski Stadium,F
Fourth Presbyterian Church,F
Fourth Street Live!,F
Fowler Park,F
Fowler Park and Cunningham Field,F
Fox Cabaret,F
Fox Cities Performing Arts Center,F
Fox Performing Arts Center,F
Fox Theater Pomona,F
Fox Theater Pomona AND The Glass House,F
Fox Theatre,F
Fox Theatre Hays,F
Fox Theatre Hutchinson,F
Fox Theatre Redwood City,F
Fox Valley Ice Arena,F
Foxwoods Resort & Casino,F
FP Corporation Arena Fukuyama,F
FPL Solar Amphitheater at Bayfront Park,F
Francis Winspear Centre For Music,F
Frank Brown Park,F
Frank Crane Arena,F
Frank Erwin Center,F
Frank G. Bonelli Regional Park,F
Frank Ogawa Plaza,F
Frankie's Toledo,F
Franklin County Fairgrounds,F
Franklin County Fairgrounds - NY,F
Franklin County Veterans Memorial,F
Franklin Field,F
Franklin Field - WI,F
Franklin Music Hall,F
Franklin Theatre,F
Franky Bradley's,F
Fraport Skyliners Gym,F
Fraze Pavilion,F
Frazier Alumni Pavilion,F
Fred G. Hughes Stadium,F
Fred Kavali Theatre - Country Wide,F
Fred Smith Rodeo,F
Frederick Brown Jr Amphitheater,F
Frederick P. Rose Hall at Lincoln Center,F
Frederik Meijer Gardens Amphitheater,F
Freebird Live,F
Freeborn County Fairgrounds,F
Freeborn Hall - UC Davis,F
Freedom Hall,F
Freedom Hall Civic Center,F
Freedom Hall-PA,F
Freedom Hill Amphitheater,F
Freedom Mobile Arch,F
Freedom Mortgage Pavilion,F
Freedom Park,F
Freeman Arts Pavilion,F
Freight & Salvage,F
Fremantle Arts Centre,F
Fremont Country Club,F
French Broad Brewery,F
French Lick Springs Resort and Casino,F
Friendly Valley Tavern,F
Friends and Lovers,F
Friends Field - Mill Valley,F
Frog & Bucket Comedy Club,F
Frog Alley Brewing,F
From the Earth Brewing Company,F
Frontier Center for the Performing Arts,F
Frontier Field (VIP Lot),F
Frontier Park,F
Frontier Touring - Multiple Venues,F
Frontwave Arena,F
Frost Amphitheater,F
FTL UTD Stadium,F
Fuel Coffeehouse,F
Fukushima Toyota Crown Arena,F
Fukuyama General Gymnasium F-Pia Arena,F
Full Circle Brewing Co.,F
Full Throttle Saloon,F
Fulton 55,F
Funk 'n Waffles - Syracuse,F
Funny Bone - Albany,F
Funny Bone - Cleveland,F
Funny Bone - Dayton,F
Funny Bone - Hartford,F
Funny Bone - Kansas City,F
Funny Bone - Omaha,F
Funny Bone - Orlando,F
Funny Bone - Richmond,F
Funny Bone - Syracuse,F
Funny Bone - Tampa,F
Funny Bone - Toledo,F
Funny Bone - Virginia Beach,F
Funny Farm Comedy Club,F
Fusion Stage,F
Future Legends Complex,F
Fvtvr,F
FWD Day + Nightclub,F
Fête Music Hall - Ballroom,F
Fête Music Hall - Lounge,F
G Live,G
G.B. Hodge Center,G
G2,G
Gabe's,G
Gainesville Raceway,G
Galatyn Park,G
Galaxy Park at Dignity Health Sports Park,G
Galaxy Theatre,G
Galen Center at USC,G
Gallagher Bluedorn Performing Arts Center,G
Gallagher Park,G
Gallagher Square at PETCO Park,G
Gallagher Way,G
Gallagher-Iba Arena,G
Gallatin County Fairgrounds,G
Galleria Mall Cinemas,G
Gallivan Center,G
Gallo Center for the Arts,G
"Galvanizers, SWG3",G
Gamache Koger Theater,G
Gamla Ullevi,G
Gamma Ray Bar,G
Garcia's Chicago,G
Garde Arts Center,G
Garden AMP,G
Garden Theater Detroit,G
Garner Galleria Theatre at Denver Center for the Performing Arts,G
Garrett Coliseum,G
Garrick Theatre,G
Garrison Grounds Citadel Hill,G
Gas City Performing Arts Center,G
Gas South Convention Center,G
Gas South Theater,G
Gas Works Park,G
Gaslamp,G
Gasometer Berlin – FORUM,G
Gateshead International Stadium,G
Gateway Center Arena,G
Gatlinburg Convention Center,G
Gayle and Tom Benson Stadium,G
Gaylord Palms Hotel & Convention Center,G
GEHA Field at Arrowhead Stadium,G
Gelredome,G
Gem City Concerts,G
Gem Theatre Kansas City,G
Gene Polisseni Center,G
General Duffy's Waterhole,G
Genesee Theatre,G
Gentle Ben's Brewing,G
Gentry Center,G
George Albert Smith Fieldhouse,G
George Gervin GameAbove Center,G
George M. Steinbrenner Field,G
George Mason Center For The Arts,G
George Mason University,G
George P. Miller Stadium,G
George Preston Recreation Centre,G
George's Majestic Lounge,G
Georgia Dome,G
Georgia International Horse Park,G
Georgia Mountain Fairgrounds,G
Georgia National Fairgrounds,G
Georgia State Convocation Center,G
Georgia Theatre,G
Georgian Theatre,G
Gerald Ford Amphitheatre,G
Gerald J. Ford Stadium,G
Gerald R. Ford Amphitheater,G
Gerald Schoenfeld Theatre,G
Germania Insurance Amphitheater,G
Germantown Performing Arts Center,G
Gersten Pavilion,G
Gesa Pavilion,G
Gesa Stadium,G
Getterman Stadium,G
GFL Memorial Gardens,G
Ghost Ranch,G
Ghostbar,G
Giants Stadium,G
Gibbs Stadium,G
Gibson Amphitheatre @ Universal CityWalk,G
Gibson Area Hospital,G
Gies Memorial Stadium,G
Gila River Resorts & Casinos - Wild Horse Pass,G
Gila River Resorts and Casinos - Santan Mountain,G
Gila River Resorts and Casinos - Vee Quiva,G
Gilbert Lindsey Plaza,G
Gilbert Regional Park,G
Gill Coliseum,G
Gillian Lynne Theatre,G
Gillioz Theatre,G
GILT Nightclub,G
Gin Ling Way,G
Givens Performing Arts Center,G
Glacier Bank Park,G
Glasgow ABC,G
Glasgow Academy,G
Glasgow Barrowland,G
Glasgow City Halls,G
Glasgow Royal Concert Hall,G
Glasgow Stereo,G
Glass Bowl Stadium,G
Glass City Center,G
Glazer Hall,G
GLC Live at 20 Monroe,G
Glee Club Glasgow,G
Glen Helen Amphitheater,G
Glen Helen Regional Park,G
Glen Maury Park,G
Glendale Arena,G
Glimmingehus,G
GLION ARENA KOBE,G
Global Credit Union Arena,G
Global Pavilion,G
Globe Arena,G
Globe Hall,G
Globe Iron,G
Globe Theatre,G
Gloria Molina Grand Park,G
Gloucester Guildhall,G
Glow Lounge - Denver,G
Glynde Place,G
GMC Stadium,G
Go Media Stadium,G
Goat Farm,G
Goggin Ice Center,G
Gold Country Casino Resort,G
Gold Country Fairgrounds and Event Center,G
Gold Strike Casino Resort,G
Golden Bough Playhouse,G
Golden Gate Park,G
Golden Gate Theatre,G
Golden Nugget Atlantic City,G
Golden Nugget Lake Charles,G
Golden Spike Event Center,G
Goldfield Trading Post - Roseville,G
Goldfield Trading Post - Sacramento,G
"Goldstein Health, Fitness & Recreation Center",G
GoMart Ballpark,G
Good Room,G
Goodman Stadium,G
Goodnights Comedy Club,G
Goodwin Field,G
Goodyear Ballpark,G
Goodyear Theater,G
Goofs,G
Goosetown Tavern,G
Gordon Craig Theatre,G
Gordon Field House - Rochester Institute of Technology,G
Gorge Amphitheatre,G
Gorilla,G
Goshen Fair Grounds,G
Goss Stadium at Coleman Field,G
Gotham Comedy Club,G
Gothic Theatre,G
Gouverneur and St Lawrence County Fair,G
Governor's @ McGuire's Comedy Club,G
Governors' Comedy Club,G
Grace Hartman Amphitheatre,G
Grace P Johnson Stadium,G
Graceland Soundstage,G
Grady Cole Center,G
Grainger Stadium,G
Gramps,G
Granada Theater Dallas,G
Granada Theater Minneapolis,G
Granary Live,G
Grand Ballroom,G
Grand Canyon University Arena,G
Grand Casino Hinckley Amphitheatre,G
Grand Casino Mille Lacs,G
Grand Central,G
Grand Chapiteau at Concord Pacific Place,G
Grand Event Center at Golden Nugget Lake Charles,G
Grand Junction Convention Center,G
Grand Olympic Auditorium,G
Grand on the Bluffs,G
Grand Opera House,G
Grand Opera House of the South,G
Grand Park,G
Grand Park LA,G
Grand Prairie Cricket Stadium,G
Grand Prix of Arlington,G
Grand Rapids Civic Theatre,G
Grand Reserve Golf Club,G
Grand Sierra Theatre,G
Grand Targhee Resort,G
Grand Theatre,G
Grande Seine,G
Grandstand at Hard Rock Stadium,G
Grandstand at the Billie Jean King National Tennis Center,G
Grant County Fairgrounds - OR,G
Grant County Fairgrounds - WA,G
Grant Park,G
Graton Resort and Casino - The Ballroom,G
Gray Area,G
Grayson Stadium,G
Great American Music Hall,G
Great Bear Ski Valley,G
Great Canadian Casino Vancouver,G
Great Cedar Showroom at Foxwoods Resort Casino,G
Great Frederick Fair,G
Great Lakes Center for the Arts,G
Great Lawn at Waterfront Park,G
Great Park Live,G
Great Pocomoke Fairgrounds,G
Great Salt Air Ballroom,G
Great Scott,G
Great Southern Bank Arena,G
Great Star Theater,G
Greater Allen A.M.E. Cathedral of New York,G
Greater Columbus Convention Center,G
Greater Nevada Field,G
Greater Philadelphia Expo Center at Oaks,G
Greater Richmond Convention Center,G
Greater Zion Stadium,G
Greek Theatre,G
Greek Theatre - Berkeley,G
Greeley Ice Haus,G
Greeley Stampede,G
Green Arena Kobe,G
Green Door Store,G
Green Elephant,G
Green Hills 16,G
Green Room - Minneapolis,G
Green Valley Ranch,G
Greene County Fairgrounds and Expo Center,G
Greensboro Coliseum,G
Greensboro Coliseum Complex,G
Greenville Municipal Auditorium,G
Greenwich Odeum,G
Greg Rowles Legacy Theater,G
Gregg Klice Community Center,G
Gregory Gym,G
Grewal Hall at 224,G
Grey Eagle Event Centre,G
Grimz,G
Grind City Amp,G
Grinders KC,G
Grizzly Rose,G
Groniger Arena,G
Groove,G
Grossinger Motors Arena,G
Groton Hill Music Center,G
Grove Theatre,G
Growlers,G
Gruene Hall,G
Gryphon Theatre,G
GSU Beautiful Eagle Creek Fields,G
Gtech Community Stadium,G
Guardian Works,G
Guelph Lake Island,G
Guernsey County Fairgrounds,G
Guitars and Classic Cars Ranch - Montgomery,G
"Gulf Shores, AL",G
Gulfstream Park and Casino,G
Gull Lake Rotary Park,G
Gullivers,G
Gummifabriken,G
Gun Lake Casino,G
Gunnersbury Park,G
Gutterson Fieldhouse,G
Guy Fieri's American Kitchen & Bar,G
Guy Fieri's Dive & Taco Joint,G
Guy Fieri's Smokehouse,G
Guy's Pizza Parlor,G
Gwinnett Place Mall,G
Gwyn Hall,G
H-E-B Center,H
H-E-B Park,H
H.A. Chapman Stadium,H
H.E.B. Center at Cedar Park,H
H.O. Clemmons Arena,H
Haas Pavilion,H
Hacienda Xerez,H
Hackney Church,H
Hackney Empire,H
HAHA Comedy Club,H
Hakodate Arena,H
Halifax Metro Centre,H
Hall for Cornwall,H
Halle 662,H
Halle Tony Garnier,H
Hallenstadion,H
Halloran Centre at Orpheum Theatre - Memphis,H
Halstead Amphitheater,H
Haltom Theater,H
Halton Arena,H
Hamburger Mary's,H
Hamel Rodeo at Corcoran Lions Park,H
Hamilton Gym,H
Hamilton Stadium,H
Hammarby IP,H
Hammel Court,H
Hammerstein Ballroom,H
Hampden Park,H
Hampton Coliseum,H
Hampton Convocation Center,H
Hampton Court Palace,H
Hancher Auditorium,H
Hancock Stadium,H
Hancock Whitney Stadium,H
Hanford Fox Theatre,H
Hangar 18,H
Hangar 1819,H
Hanging Rock,H
Hangout Music Festival,H
Hanna Theatre at Playhouse Square,H
Hanner Fieldhouse,H
Hanson Field,H
Hap Parker Arena,H
HAPPINESS ARENA（ハピネスアリーナ）,H
Happy Canyon Arena,H
Happy's Inn,H
Harbison Theatre,H
Harbor Park Stadium,H
Harbour Event Centre,H
Harbourfront Centre,H
Hard Luck Bar,H
Hard Rock Cafe - Las Vegas,H
Hard Rock Cafe - Miami,H
Hard Rock Cafe - Pittsburgh,H
Hard Rock Cafe - San Antonio,H
Hard Rock Cafe Orlando,H
Hard Rock Calling,H
Hard Rock Casino Cincinnati,H
Hard Rock Casino Northern Indiana,H
Hard Rock Hotel & Casino Bristol,H
"Hard Rock Hotel (Riviera Maya, Mexico)",H
Hard Rock Hotel and Casino Ottawa,H
Hard Rock Hotel and Casino Sacramento,H
Hard Rock Hotel Palm Springs,H
Hard Rock Live,H
Hard Rock Live - Biloxi,H
Hard Rock Live - Hollywood,H
Hard Rock Live - Rockford,H
Hard Rock Live at Etess Arena,H
Hard Rock Live at Seminole Hard Rock Hotel & Casino Hollywood,H
Harder Stadium- University of California Santa Barbara,H
Harding Mazzotti Arena,H
Harding University,H
Hare & Hounds,H
Hare & Hounds 2,H
Harlen C. Hunter Stadium,H
Harlingen Municipal Auditorium,H
Harlow Rugby Club,H
Harlow's Night Club - Main Room,H
Harold Pinter Theatre,H
Harpos Concert Theatre,H
Harrah's Ak-Chin Casino,H
Harrah's Atlantic City,H
Harrah's Cabaret at Harrah's Las Vegas,H
Harrah's Cherokee Resort Event Center,H
Harrah's Hoosier Park Terrace Showroom,H
Harrah's Laughlin,H
Harrah's Showroom at Harrah's Las Vegas,H
Harrahs Cherokee Center Asheville,H
Harrahs Rio Vista Outdoor Amphitheater,H
Harriet Island,H
Harris Center,H
Harris Park Ontario,H
Harris Theater,H
Harrisburg Comedy Zone,H
Harrisburg Midtown Arts Center,H
Harrison Opera House,H
Harro East Ballroom,H
Harrogate Convention Centre,H
Harrogate Theatre,H
Harry A. Gampel Pavilion,H
Harry Lumley Bayshore Community Centre,H
Harry Turpin Stadium,H
Hart Center Rink,H
Hart Plaza,H
Hart Theatre at The Egg,H
Harvard Athletic Complex,H
Harvard Stadium,H
Harvest Music Festival Grounds,H
Harvester Performance Center,H
Harwinton Fairgrounds,H
Hatch Amphitheater,H
Hatfield Hall,H
Hatlen Theater,H
Hattiesburg Saenger Theater,H
Haute Spot,H
Haven Historic Theatre,H
Haw River Ballroom,H
Hawkins Arena,H
Hawkins Field,H
Hawks Field at Haymarket Park,H
Hayden Homes Amphitheater,H
Haydock Park Racecourse,H
Hays Lane House,H
Hayward Field,H
Hazeltine National Golf Club,H
HB Social Club,H
HBF Park,H
Headliners Music Hall,H
Headquarters Beercade,H
Headwaters Park,H
Hearnes Center,H
Heart Health Park,H
Heartbreakers,H
Heartland Credit Union Arena,H
Heartland Events Center - Nebraska State Fair,H
Heartwood Soundstage,H
Heaven,H
Heaven at The Masquerade,H
Heindl Center for Performing Arts,H
Heinz Hall,H
Heist Brewery,H
Helena Civic Center,H
Helios,H
Helium Comedy Club - Atlanta,H
Helium Comedy Club - Buffalo,H
Helium Comedy Club - Indianapolis,H
Helium Comedy Club - Philadelphia,H
Helium Comedy Club - Portland,H
Helium Comedy Club - St. Louis,H
Hell at The Masquerade,H
Hemmle Recital Hall,H
Henderson Pavilion,H
Hendricks Live!,H
Henley Island,H
Hennepin Stages Theatre,H
Henninger Athletic Center,H
Henrico Sports & Events Center,H
Henry B. González Convention Center,H
Henry Fonda,H
Henry J Kaiser Center for the Arts,H
Henry Maier Festival Park - American Family Insurance Amphitheater,H
Henry Maier Festival Park - BMO Harris Pavilion,H
Henry Miller Memorial Library,H
Herb Brooks Arena,H
Herb Brooks National Hockey Center,H
Herberger Theater Center,H
Herbst Theatre,H
HERE at Outernet,H
Here-After,H
Hering Auditorium,H
Heritage Financial Park,H
Heritage Hall - OK,H
Heritage Landing,H
Heritage Park - IN,H
Heritage Park Amphitheatre,H
Heritage Social Club,H
Herr-Baker Field,H
Hershey Theatre,H
Hersheypark Stadium,H
Hertz Arena,H
Heuser Park,H
Heymann Center,H
Hi Corbett Field,H
Hi Tone Cafe,H
Hi-Dive Denver,H
HI-FI Indy,H
Hi-Ho Lounge,H
Hickory Hills Lake,H
Hidden Hall,H
Higashi-Hiroshima Athletic Park Gymnasium,H
High Dive Seattle,H
High Falls,H
High Horse Saloon,H
Higher Ground Ballroom,H
Higher Ground Showcase Lounge,H
Highland Festival Grounds,H
Highland Sod Farms,H
Highlands Church,H
Highline Ballroom,H
Hilah Ayers Wilderness RV Park,H
Hilarities 4th Street Theatre,H
Hilbert Circle Theatre,H
Hilde Performance Center,H
Hill Auditorium,H
Hill Country NYC,H
Hill Field House,H
Hillbarn Theatre,H
Hillcrest Country Club,H
Hilliard Center,H
Hilliard Gates Sports Center,H
Hillsboro Ballpark,H
Hillsboro Stadium,H
Hillsdale County Fair,H
Hilton Coliseum,H
Hilton Culver City,H
Hilton Hotel,H
"Hilton Hotel, Horizon Ballroom",H
Himmelstalundshallen,H
Hinchliffe Stadium,H
Hinkle Fieldhouse,H
Hinterland Music Festival,H
Hippodrome Casino Theatre,H
Hippodrome Theater - VA,H
Hiro Ballroom,H
Hiroshima Green Arena,H
Hiroshima Sunplaza,H
Hiroshima Sunplaza Hall,H
Hirsch Memorial Coliseum,H
His Majesty's Theatre,H
Historic Bakersfield Fox Theater,H
Historic BAL Theatre,H
Historic Brushy Mountain State Penitentiary,H
Historic Crew Stadium,H
Historic Grand Theatre - Salem,H
Historic Owen Theatre,H
Historic Park Theatre and Event Center,H
Historic State Theatre,H
Historic Temple Theatre of Viroqua,H
Historic Virginia Key Beach Park,H
Historic Wilson Theatre - Rupert,H
History Ottawa,H
History Toronto,H
Hitchin Priory,H
HLSR Parking,H
Ho-Chunk Gaming,H
Ho-Chunk Gaming Black River Falls,H
Hobart Arena,H
Hobart Art Theater,H
Hobby Center,H
Hochatown Saloon,H
Hockey For All Centre,H
Hodges Stadium,H
Hodgetown Stadium,H
Hodi's Half Note,H
Hoedown Hill,H
Hoglund Ballpark,H
Hohokam Stadium,H
Hokkai Kitael,H
Holiday Trav-L-Park,H
Holland Performing Arts Center,H
Holleder Center,H
Holliday Park,H
Holloway Gymnasium,H
Hollywood 24 at North,H
Hollywood ArtsPark at Young Circle,H
Hollywood Boulevard,H
Hollywood Casino & Resort Gulf Coast,H
"Hollywood Casino Amphitheatre - St. Louis, MO",H
Hollywood Casino and Hotel Joliet,H
Hollywood Casino at Charles Town Races,H
Hollywood Casino at Penn National Race Course,H
Hollywood Casino at The Meadows,H
Hollywood Casino Aurora,H
Hollywood Casino Columbus,H
Hollywood Central Performing Arts Center,H
Hollywood Cinemas,H
Hollywood Forever Cemetery,H
Hollywood High School Main Auditorium,H
Hollywood Improv,H
Hollywood Palladium,H
Hollywood Park Grounds,H
Hollywood Theatre - Vancouver,H
Holmes Convocation Center,H
Holocene,H
Holt Arena,H
Holy Heart Theatre,H
Home Run Dugout,H
Homer Bryce Stadium,H
Homer Stryker Field,H
Homestead-Miami Speedway,H
Homewood Field,H
Honeywell Center,H
Hoops Family Field,H
Hoover Metropolitan Complex,H
Hop Springs Beerpark,H
Hope Coliseum,H
Hopkins Center For the Arts,H
HopMonk Tavern Sebastopol,H
Hordern Pavilion,H
Horejsi Family Volleyball Arena,H
Horizon Events Center,H
Horner Ballpark,H
Hornet Stadium,H
Horseshoe Amphithteatre,H
Horseshoe Arena,H
Horseshoe Casino,H
Horseshoe Las Vegas,H
Horseshoe Tunica,H
Horton Plaza,H
HOS住吉スポーツセンター,H
Hot Springs Convention Center - Horner Hall,H
Hot Water Comedy Club,H
Hotbed,H
Hotel Cafe,H
Hotel Congress - Tucson,H
Hotel Dieu - Carpentras,H
Hotel Ziggy Los Angeles,H
Houchens Industries L.T. Smith Stadium,H
Houck Field House,H
Houck Stadium,H
House of Blues Las Vegas,H
House of Blues Myrtle Beach,H
House of Blues New Orleans,H
House of Independents,H
House of Rock,H
House of the Redeemer,H
House of Yes,H
House Pasture Cattle Company,H
Houston Arena Theatre,H
Houston Field House,H
Houston Grand Opera,H
Houston Improv,H
Hove Park,H
Hovet,H
Howard Assembly Rooms,H
Howler,H
Hoxton Hall,H
HP Pavilion,H
HQ Denver,H
HQ2 Nightclub at Ocean Casino Resort,H
HSBC Arena,H
HTC Center,H
Hub City Brewing,H
Hudgen's Center,H
Hudiburg Chevrolet Center,H
Hudson Gardens,H
Hudson Theatre,H
Huff Hall,H
Hugh Hodgson Concert Hall,H
Hugh's Room Live,H
Hughes Memorial Stadium,H
Huizenga Plaza,H
Hull City Hall,H
Hull Social,H
Hult Center - Soreng Theater,H
Humphrey Coliseum,H
Humphrey's Backstage Live,H
Hungry Brain,H
Hunter Mountain,H
Hunter Park,H
Hunter Wright Stadium,H
Huntington Bank Pavilion at Northerly Island,H
Huntington Bank Stadium,H
Huntington Beach Pier,H
Huntington Center,H
Huntington City Beach,H
Huntington Park,H
Huntington Place,H
Huntsville Levity Live,H
Huset's Speedway,H
Huskie Stadium,H
Husky Ballpark,H
Husky Soccer Stadium,H
Husky Stadium,H
Husky Stadium - TX,H
Hutton Brickyards,H
Hutton Hotel,H
Hyatt Regency Newport Beach,H
Hyde Park,H
Hyde Park Book Club,H
Hyena's Comedy Club - Albuquerque,H
Hyena's Comedy Nightclub - Dallas,H
Hyena's Comedy Nightclub - Fort Worth,H
Hyland Arena,H
Hylton Performing Arts Center - Merchant Hall,H
Hynes Athletic Center,H
I Bar Ranch,I
i wireless Center,I
Icahn Stadium,I
Icardo Center,I
ICCU Arena,I
Ice Arena,I
Ice House Comedy Club,I
Ice Time Sports Complex,I
Iceberg Alley Performance Tent,I
icehouse MPLS,I
ICF: Warehouse,I
ICON Events,I
ICON Park,I
ICTパーク（コクゲキ）,I
Idaho Center,I
Idaho Center Amphitheater,I
Idaho Center Amphitheatre,I
Idaho Central Arena,I
Idre Fjäll Arena,I
IG Arena,I
IGA Stadium Centre Court,I
IGA Stadium Rogers Court,I
IGアリーナ,I
IL State Univ. - Braden Auditorium,I
Illinois Science & Technology Park Field,I
Illinois State Fairgrounds,I
Illsley Ball Nordstrom Recital Hall - Benaroya Hall,I
Illuminated Modern Free Nightly Exhibit,I
Illusions Theater at Alamodome,I
iLounge at Clutch Cargo's,I
ImOn Ice Arena,I
Impact Field,I
Imperial Theatre,I
Imperial Theatre - St. John,I
Improv Asylum Boston,I
Improv Asylum New York,I
IMU Main Lounge,I
In The Venue,I
In-N-Out Burger Pomona Dragstrip,I
Independence Events Center,I
Independence Hall,I
Independence Stadium,I
Independent,I
Indian Creek Golf Club,I
Indian Head Casino,I
Indian Ranch,I
Indian Wells Tennis Garden,I
Indian Wells Tennis Garden - Parking,I
Indian Wells Tennis Garden Special Event,I
Indiana Farmers Coliseum,I
Indiana State Fair Grandstand,I
Indiana State University Memorial Stadium,I
Indiana University Auditorium,I
Indianapolis Motor Speedway,I
indigo at The O2,I
Industry City - Open Air,I
Industry Hills Expo Center,I
Infinity Music Hall - Hartford,I
Infinity Music Hall - Norfolk,I
InfoCision Stadium - Summa Field,I
Infosys Theater at Madison Square Garden,I
Ingalls Ice Rink,I
Inn Of The Mountain Gods Resort,I
Innisbrook Resort and Golf Club,I
InnovationPlex,I
Innsbrook After Hours,I
Institute of Contemporary Arts,I
Interactive Learning Pavilion,I
International Agri-Center,I
International Cultural Center,I
International Tennis Hall of Fame,I
Intrust Bank Arena,I
Intuition Ale Works,I
Investors Group Field,I
Iowa Events Center,I
Iowa Speedway,I
Iowa State Fair,I
Iowa State University,I
IP Casino Resort and Spa,I
iPlay America's Event Center,I
Ipswich Chantry Park,I
Ipswich Regent Theatre,I
Iron City Birmingham,I
Iron Horse Music Hall,I
Ironstone Amphitheatre at Ironstone Vineyards,I
Iroquois Amphitheater,I
Irvine Barclay Theatre,I
Irvine Bowl,I
Irvine Improv,I
Irwindale Speedway,I
Isabel Bader Theatre,I
ISG Field,I
Isla Vista Theater 1,I
Island Federal Credit Union Arena,I
Island Resort and Casino,I
Isleta Resort & Casino,I
Islington Assembly Hall,I
ISU Hulman Center,I
It'll Do Club,I
Ives Concert Park,I
Izod Center,I
J Resort's Glow Plaza,J
J. Fred Johnson Stadium,J
J. Thom Lawler Rink,J
J.C. Love Field at Pat Patterson Park,J
J.I. Clements Stadium,J
Jabbawockeez Theater at MGM Grand,J
Jack and Ruth Ann Hill Convocation Center,J
Jack Breslin Arena,J
Jack Coffey Field,J
Jack Cook Field,J
Jack Coombs Field,J
Jack Miller Stadium,J
Jack Rabbits,J
Jack Singer Hall,J
Jack Stephens Center,J
Jack Trice Stadium,J
Jack Turner Softball Stadium,J
Jackie Robinson Ballpark,J
Jackie Robinson Stadium,J
Jackpot Junction Casino,J
Jackson Convention Complex,J
Jackson County Expo,J
Jackson County Fairgrounds,J
Jackson Field,J
Jackson Hole Center For The Arts,J
Jackson Ranch,J
Jacksonville Center for the Performing Arts - Jacoby Hall,J
Jacksonville Coliseum,J
Jacksonville Equestrian Center,J
Jacob Javits Convention Center,J
Jacobs Music Center,J
Jadwin Gymnasium,J
Jaeb Theatre at the David A. Straz Center for the Performing Arts,J
Jaffa Shrine Center,J
JAG Soundhouse,J
Jaguar Field,J
Jahnsporthalle Neukölln,J
Jake's Sports Cafe,J
JaM Cellars Ballroom,J
James A Rhodes Arena,J
James Ballentine Uptown VFW,J
James Brown Arena at Augusta Richmond Center,J
James K. Polk Theater/TPAC,J
James L. Knight Center,J
James M. Nederlander Theatre,J
James M. Shuart Stadium,J
James W. Miller Auditorium,J
Jane B. Moore Field,J
Jane Mallett Theatre,J
Jane Sage Cowles Stadium,J
Jane Sanders Stadium,J
Janesville Ice Arena,J
Janet Quinney Lawson Capitol Theatre,J
Jannus Live,J
Jasper Commemoration Park,J
Javelina Stadium,J
Jay Pritzker Pavilion,J
Jayne Stadium,J
Jazz Cafe,J
Jazzbones,J
JD Legends,J
Jean Dry Lake Bed,J
Jeanne & Peter Lougheed Performing Arts Centre,J
Jeanne Rimsky Theater,J
Jeff & Blues at The Orion Amphitheater,J
Jefferson Center – Shaftman Performance Hall,J
Jefferson Performing Arts Center,J
Jefferson Theater,J
Jefferson Theatre,J
Jeffery P. Hazell Athletic Center,J
Jenison Field House,J
Jenks Club at Jenks Pavilion,J
Jenny Craig Pavilion,J
Jericho Beach Park,J
Jerry Richardson Indoor Stadium,J
Jerry Richardson Stadium,J
Jersey Mike's Arena,J
Jesse Auditorium,J
JetBlue Park,J
Jillian's,J
Jim & Linda Lee Performing Arts Center,J
Jim Norick Arena,J
Jim Patterson Stadium,J
Jim Perry Stadium,J
Jim Sprick Community Park,J
Jim Whelan Boardwalk Hall,J
Jimmy John's Field,J
Jimmy Kimmel's Comedy Club,J
Jimmy's Jazz & Blues Club,J
JMA Wireless Dome,J
Jo Long Theatre,J
Joan C. Edwards Stadium,J
Joan Perry Brock Center,J
Joanne Graf Field,J
Jobing.com Arena,J
Joe Aillet Stadium,J
Joe Davis Stadium,J
Joe Faber Field,J
Joe Louis Arena,J
Joe Martin Stadium,J
Joe Miller Field at Cowgirl Diamond,J
Joe Walton Stadium,J
Joe's Joint,J
Joe's Live,J
Joe's On Weed Street,J
Joe's Pub,J
Joel and Diane Bloom Wellness and Events Center,J
Joey Harrison's Surf Club,J
John A. Dobson Arena,J
John Anson Ford,J
John Cain Arena,J
John Cropp Stadium,J
John Euliano Park,J
John Henry's,J
John Hunt Auditorium - Tifton Campus Conference Center,J
John Hunt Park,J
John M. Belk Arena,J
John MacInnes Student Ice Arena,J
John Paul Jones Arena,J
John Q. Hammons Arena,J
John Sessions Stadium,J
John Smith Field,J
John Smith's Stadium,J
John T. Floore Country Store,J
John Thurman Field,J
John W Engeman Theatre At Northport,J
John W. Pope Jr. Convocation Center,J
Johnny Brenda's,J
Johnny Mercer Theatre,J
Johnny Unitas Stadium,J
Johnny's Steaks & Bar-Be-Que,J
Johnson City Civic Center,J
Johnson Hagood Stadium,J
Jolene Sound Room,J
Joliet Memorial Stadium,J
Jolt Credit Union Event Park,J
Jon Glaser Arena,J
Jon M. Huntsman Center,J
Jones AT&T Stadium,J
Jones Beach Amphitheater,J
Jones Hall for the Performing Arts,J
Josabi's Live Music Bar,J
Joseph G Echols Memorial Hall,J
Joseph J. Gentile Arena,J
Joseph L. Bruno Stadium,J
Joseph P. Riley Jr. Park,J
Josephine County Fairgrounds,J
Joshua Tree Lake Campground,J
Journal Pavilion,J
Journey Bank Ballpark at Historic Bowman Field,J
Joy Theater,J
JQH Arena,J
JTバレーボール部体育館,J
Juab County Fairgrounds,J
Juan De Fuca Recreation Center - Lower Fields,J
Juanita K. Hammons Hall For Performing Arts,J
Jubilee Theater at Bally's Las Vegas,J
Julian B. Lane Riverfront Park,J
Julie Rogers Theatre,J
Junebug Boogie Ranch,J
Jungle Hollywood,J
Jungle Island Miami,J
JUNO Brewery,J
JW Marriott Desert Springs Springs Pool Pavillion,J
JW Marriott Desert Springs Springs Resort & Spa,J
JW Marriott San Antonio Hill Country Resort,J
Jácome Plaza,J
K-Rock Centre,K
K.C. Irving Regional Centre,K
KA Theatre at MGM Grand,K
Kahoku City General Gymnasium,K
KAI Nightclub And Event Center,K
Kaiser Permanente Arena,K
Kaiser Permanente Sports Village Soccer Complex,K
Kaka'ako Waterfront Park Amphitheater,K
Kakogawa venue,K
Kal Tire Place,K
Kalahari Resorts & Conventions - Round Rock,K
Kalahari Resorts and Conventions - Sandusky,K
Kalamazoo State Theatre,K
Kanawha Plaza,K
Kanazawa City General Gymnasium,K
Kansas City 18 Cinemas,K
Kansas City Convention Center,K
Kansas City Live!,K
Kansas City Power and Light District,K
Kansas Coliseum,K
Kansas Speedway,K
Kansas Star Casino,K
Kansas State Fairgrounds,K
Kanteena,K
KAOS,K
Kapco Park,K
Kaplan Arena,K
Karl Geiringer Hall,K
Karma DC,K
Kashmir,K
Katie Seashole Pressly Stadium,K
Katsuya,K
Katz's Delicatessen,K
Kauffman Center for the Performing Arts - Helzberg Hall,K
Kauffman Center for the Performing Arts - Muriel Kauffman Theatre,K
Kay Bailey Hutchison Convention Center,K
Kay Yeager Coliseum,K
Kaye Playhouse,K
KBXtreme Premier Entertainment Center,K
Kearney Amphitheater,K
Keeneland Race Course,K
Keesler Federal Park,K
Keg's Canalside Event Center,K
Keith Albee Performing Arts Center,K
Keller Auditorium,K
Kellogg Arena,K
Kelly/Shorts Stadium,K
Kelowna City Park,K
Kelowna Community Theatre,K
Kelsey Theatre - Mercer County Community College,K
KEMBA Live!,K
Kemistry Nightclub,K
Kemper Arena,K
Ken Riley Field at Bragg Memorial Stadium,K
Kenai Peninsula Fair,K
Kenan Stadium,K
Kenley Amphitheater,K
Kennedy Center Concert Hall,K
Kennedy Center Eisenhower Theater,K
Kennedy Center Opera House,K
Kennedy Center Studio K,K
Kennedy Center Terrace Theater,K
Kenneth P. LaValle Stadium,K
Kenny's Westside Pub,K
Kentucky Center - Bomhard Theater,K
Kentucky Center - Brown Theatre,K
Kentucky Exposition Center,K
Kentucky International Convention Center,K
Kentucky Proud Park,K
Kessler Stadium,K
Keswick Annex,K
Keswick Theatre,K
Kewadin Casino - St Ignace,K
Kewadin Casino Sault Ste Marie - DreamMakers Theater,K
Key City Theatre,K
Key Club,K
Key West Theater,K
Key West Theater - Back Stage Listening Room,K
KeyBank State Theatre,K
Keybank State Theatre-Playhouse Square Center,K
Keystone Arena,K
Keyworth Stadium,K
KFC Yum! Center,K
Kia Arena,K
Kibbie Dome,K
Kick'n Up Kountry Music Festival Grounds,K
Kidd Brewer Stadium,K
Kiln Theatre,K
Kimmel Arena,K
Kimmel Center,K
Kimmel Center - Marian Anderson Hall,K
Kimmel Center - Perelman Theater,K
Kimmel Center For The Performing Arts,K
KiMo Theatre,K
King Center For The Performing Arts,K
King George's Hall,K
King King,K
King of Prussia plus IMAX,K
King Tut's Wah Wah Hut,K
King's Hall,K
Kingdom,K
Kings - Raleigh,K
Kings Place,K
Kings Theatre,K
Kingsbury Hall,K
Kingston Communications Stadium,K
Kinnick Stadium,K
Kino Veterans Memorial Stadium,K
Kinsmen Park,K
Kirby Center,K
Kirkeby-Over Stadium,K
Kirkstall Abbey,K
Kiss Kiss Bang Bang,K
Kit Carson Park,K
Kit Kat Club at the Playhouse Theatre,K
Kitakyushu City General Gymnasium,K
Kitchener Memorial Auditorium,K
Kitsap Fairgrounds & Events Center,K
Kiva Auditorium,K
Klein Field at Sunken Diamond,K
Kleinhans Music Hall,K
Klipsch Music Center,K
Klondike Farms,K
Klotsche Center,K
KLTRE,K
Klöckner Stadium,K
Knapp Center,K
Knebworth Park,K
Knickerbockers,K
Knight Theater at Levine Center For The Arts,K
Knights Hall - Bellarmine University,K
Knitting Factory,K
Knockdown Center,K
Knott Arena,K
Knox County Fairgrounds,K
Knox Farm State Park,K
Knoxville Civic Auditorium,K
Knoxville Civic Coliseum,K
Knoxville Raceway,K
Knuckleheads Saloon,K
Kodak Center,K
Kodak Theatre,K
Koerner Hall,K
Koessler Athletic Center,K
Koger Center for the Arts,K
Kohl Center,K
Koka Booth Amphitheatre,K
KOKO,K
KOLA,K
Komatsu General Gymnasium,K
Komedia Bath,K
Komedia Brighton,K
Komedia Brighton Studio,K
Komedia Studio,K
Konica Minolta Founder's Club at T-Mobile Center,K
Kool Haus,K
Kootenai County Fairgrounds - Findlay Arena,K
Kopar Memorial Arena,K
Koskinen Stadium,K
Kotobuki Arena Chikuma,K
Koussevitzky Music Shed at Tanglewood,K
Kravis Center for the Performing Arts - Persson Hall,K
Kresge Auditorium,K
Kress Events Center,K
Kristianstad Arena,K
Kristianstads Ishall,K
Kristinebergs IP,K
Kroger Field,K
KSU Convocation Center,K
Kubiak Family Farms,K
Kung Fu Necktie,K
KUNST!RASEN BONN,K
Kupferberg Center - LeFrak Concert Hall,K
"Kupferberg Center for The Arts, Queens College at Colden Auditorium",K
Kuumbwa Jazz Center,K
L&N Federal Credit Union Stadium,L
L'Archipel,L
L'Auberge Casino & Hotel Baton Rouge,L
L'Auberge Casino Resort Lake Charles,L
L'Escogriffe,L
L'Olympia,L
L'Olympia - Montreal,L
L'Élysée Montmartre,L
L. Dale Mitchell Park,L
L.A. Comedy Club's Dragon Room,L
L.A. LIVE,L
L.A. LIVE's Event Deck,L
L.A. Tennis Center at UCLA,L
L.E. and Thelma E. Stephens Performing Arts Center,L
L.P. Frans Stadium,L
La Belle Electrique,L
La Bellevilloise,L
La Boom Columbus,L
La Boule Noire,L
La Casa de la Raza,L
La Cigale,L
La Covacha,L
La Crosse Center Arena,L
La Flèche d'Or,L
LA Galaxy Team Store at Legends Plaza,L
La Gaîté Lyrique,L
La Hacienda Event Center,L
La Machine Du Moulin Rouge,L
La Maravilla Studios,L
LA Market by Kerry Simon,L
La Maroquinerie,L
La Mer Hotel,L
La Mirada Theatre for the Performing Arts,L
La Moderna Field,L
La Sala Rossa,L
La Santa,L
La Seine Musicale,L
La Te Da,L
La Villa Real,L
La Zona Rosa,L
LaBahn Arena,L
Laborde Earles Coliseum,L
LACMA,L
Lafayette,L
Lafayette's Music Room,L
Laguna's Beach Bar & Grill,L
Lahaina Civic Center,L
LaHaye Ice Center,L
Lake Charles Event Center,L
Lake County Fair Indiana,L
Lake Elsinore Diamond,L
Lake Martin Amphitheater,L
Lake Perris Beach,L
Lake Side Country Bash @ Lakes Regional Park,L
Lake Tahoe Amphitheatre at Caesars Republic,L
Lakefront Arena,L
Lakefront Green,L
Lakefront Music Fest Grounds,L
Lakeland Center,L
Lakeshore Theater,L
Laketown Ranch Music & Recreation Park,L
Lakewood Church,L
LaLa Arena TOKYO-BAY,L
Lamar Dixon Expo Center,L
Lancaster Country Club,L
Lancaster County Convention Center,L
Lancaster Performing Arts Center,L
Landers Center,L
Landis Theater,L
Landmark Credit Union Live,L
Landmark Theatre,L
Lane County Fair,L
Lane Stadium,L
Langley Events Centre,L
Lansdowne Theater,L
LaPorte County Fairgrounds,L
Laredo Entertainment Center,L
Largo at the Coronet,L
Largo Cultural Center,L
Larimer Lounge,L
Lark Hall,L
Larlee Creek Festival,L
Las Vegas Convention Center,L
Las Vegas Convention Center - West Hall,L
Las Vegas Festival Grounds,L
Las Vegas Hilton,L
Las Vegas Motor Speedway,L
Last Concert Cafe,L
Last Exit Live,L
Lauderhill Performing Arts Center,L
Laugh Boston,L
Laugh Factory Chicago,L
Laugh Factory Covina,L
Laugh Factory Long Beach,L
Laugh Factory San Diego,L
Laugh It Up Comedy Club,L
Laugh Out Loud Comedy Club,L
Laughlin Event Center at Edgewater Hotel Casino,L
Laughs Comedy Club,L
Launchpad,L
Laura Turner Concert Hall,L
Laurel Park,L
Lauridsen Amphitheater at Water Works Park,L
Lava Cantina,L
LaVell Edwards Stadium,L
Lavietes Pavilion,L
Lawlor Events Center,L
Lawn On D,L
Lawrence Joel Veterans Memorial,L
Lawrence Joel Veterans Memorial Coliseum,L
Lawrenceburg Event Center,L
Lawry's Carvery,L
Lawson Ice Arena,L
Laxson Auditorium,L
Lazy E Arena,L
Lazy Gators,L
LBSU Softball Complex,L
Le Balcon,L
Le Belmont sur le Boulevard,L
Le Cirque d'Hiver de Paris,L
Le Club Dix30,L
Le Colisée,L
Le Consulat,L
Le Grand Rex,L
Le Hasard Ludique,L
Le Mazette,L
Le Ministère,L
Le Poisson Rouge,L
Le Studio TD,L
Le Trabendo,L
Le Transbordeur,L
Le Trianon,L
Le Zèbre de Belleville,L
Leach Amphitheater,L
Leader Bank Pavilion,L
League Stadium,L
Leas Cliff Hall,L
Leatherheads Sports Bar,L
Leavey Event Center,L
Leavitt Theatre,L
Lebanon Opera House,L
LeBard Stadium,L
LeBreton Flats Park,L
LECOM Events Center,L
LECOM Harborcenter,L
LECOM Park,L
Lee Arena,L
Lee E. Williams Athletics & Assembly Center,L
Lee Health Sports Complex,L
Lee Valley Athletics Centre,L
Lee Vista Promenade,L
Lee's Family Forum,L
Leede Arena,L
Leeds Arena,L
Leeds Beckett Students Union,L
Leeds Grand Theatre,L
Leeman-Turner Arena at Grace Hall,L
Lefty's Live Music,L
Legacy Arena at The BJCC,L
Legacy Hall,L
Legend Valley,L
Legends Field,L
Legends Field - KY,L
Leggett & Platt Athletic Center,L
Legion Field Stadium,L
Legion Park Watseka,L
Lehman Center for the Performing Arts,L
Leicester Square Theatre,L
Leinenkugel's Beer Garden,L
Leo D. Mahoney Arena,L
Leo J. Welder Center for the Performing Arts,L
Leon County Civic Center,L
Lerner Town Square at Tysons,L
Les Arènes de Grand Paris Sud,L
Les Foufounes Électriques,L
Les Murakami Baseball Stadium,L
Les Nuits de Fourviere,L
Les Étoiles,L
Level 13 Event Center,L
Levien Gymnasium,L
Levitate Backyard,L
Levitt Pavilion,L
Levitt Pavilion Denver,L
Levon Helm Studios,L
Levoy Theatre,L
Lewis & Clark County Fairgrounds,L
Lewis Auditorium,L
Lewis Family Homeplace,L
Lewis Field Stadium,L
Lewis Ginter Botanical Gardens,L
Lewis McCormick Field,L
Lexington County Baseball Stadium,L
Lexington Opera House,L
Lexington Sporting Club Stadium,L
"Leña at Sendero, Ritz Carlton L.A. Live",L
LHUCA Firehouse Theater,L
Liacouras Center,L
Libbey Bowl,L
Liberty Arena,L
Liberty Bar & Grill,L
Liberty Bell Beer Garden,L
Liberty First Credit Union Arena,L
Liberty Funny Bone,L
Liberty Hall,L
Liberty Hall - TX,L
Liberty Showcase Theater,L
Liberty State Park,L
Liberty University,L
Library Square,L
Lied Center Lawrence,L
Lied Center Lincoln,L
Liederhalle Hegelsaal,L
Life Time Athletic and Tennis - CA,L
Lifetime Activities Center Bruin Arena,L
Light House Arts Centre,L
Lila Cockrell Theatre,L
Lillie and Roy Cullen Theater,L
Lima Veterans Memorial Civic Center,L
Limelight Theatre,L
Limestone County Fairgrounds,L
Lincoln Amphitheatre,L
Lincoln Castle,L
Lincoln Center's Rose Hall,L
Lincoln County Fairgrounds - NE,L
Lincoln Factory,L
Lincoln Square Theater,L
Lincoln Theatre - Raleigh,L
Lincolnshire 20 Plus IMAX,L
Lindquist Field,L
Lindsay Fairgrounds,L
Lindsey Nelson Stadium,L
Linn County Fairgrounds,L
LionTree Arena,L
Liquid - Madison,L
Liquid Gravity Brewing,L
Liquid Joes,L
Liston B. Ramsey Regional Activity Center,L
Little Creek Casino,L
Little River Casino Resort,L
Little Saint,L
Little Trouble,L
Littlefield,L
LIV Beach Las Vegas,L
LIV Nightclub Miami,L
Live Event Center - Bossier City,L
Live Oak Bank Pavilion,L
Live Oak Civic Center,L
Live! Arena,L
Live! at The Battery Atlanta,L
Live! at the Pointe Orlando,L
Live! Casino & Hotel Philadelphia,L
Live! Casino Pittsburgh,L
Live! Event Center,L
Live! Exchange,L
Liverpool Empire Theatre,L
Liverpool Guild of Students,L
Liverpool Olympia,L
Liverpool Philharmonic Hall,L
Liverpool Pier Head,L
Liverpool Royal Court Studio,L
Living Arts Centre,L
Livingston Parish Fairgrounds,L
Livonia 20,L
Llandaff Cathedral,L
Llangollen Pavilion,L
Lloyd Center 10,L
Lloyd Center 10 Cinema,L
Lloyd Center 10 Cinema & IMAX,L
Lloyd Noble Center,L
LMCU Ballpark,L
LoanMart Field,L
Lobero Theatre,L
Lobo Theater,L
Local 506,L
Lock 3,L
Lockhart Arena,L
Lockhart Smokehouse,L
Loeb Stadium,L
Loft at The Arts Club,L
Logan Square Auditorium,L
Loma Pelona,L
London Aquatics Centre,L
London Bridge Baptist Church,L
London Coliseum,L
London County Hall,L
London Fields Brewery,L
London Gate,L
London Stadium,L
Lone Star Park,L
Lone Tree Arts Center,L
Long Beach Arena,L
Long Center for the Performing Arts,L
Long Center for the Performing Arts - Dell Hall,L
Longboat Hall,L
Longhorn Backyard Amphitheater,L
Longhorn Ballroom,L
Loony Bin Comedy Club - Little Rock,L
Lorain County Fair,L
Lorain Palace Theatre,L
Lori's Roadhouse,L
Los Angeles Center Studios,L
Los Angeles Convention Center,L
Los Angeles Equestrian Center,L
Los Angeles Memorial Coliseum,L
Los Angeles Memorial Sports Arena,L
Los Angeles site,L
Los Angeles State Historic Park,L
Los Angeles Theatre,L
Los Angeles Union Station,L
Los Globos,L
Lost Hill Lake,L
Lost Lake,L
Lost on Main,L
LOT # 7 next to Crypto.com Arena,L
Lot 613,L
Lotte Lehmann Concert Hall,L
Loughborough Town Hall,L
Louis Armstrong Theatre,L
Louis Crews Stadium,L
Louis',L
Louisiana Grandstand,L
Louisville Comedy Club,L
Louisville Palace,L
Louisville Slugger Field,L
Louisville Waterfront Park,L
Love's Field,L
Lovedraft's Brewing Co,L
Lovett Auditorium,L
Lovin Life Music Fest,L
Lowbrow Palace,L
Lowell Memorial Auditorium,L
LSU Tiger Stadium,L
Lubbers Stadium,L
Lubbock Civic Center Theatre,L
Lubbock Memorial Civic Center,L
Lubbock Municipal Auditorium,L
Lubbock Symphony Orchestra,L
Lucas County Arena,L
Lucas County Fairgrounds,L
Lucas Oil Live at WinStar World Casino,L
Lucas Oil Raceway,L
Lucca Summer Festival,L
Luck Ranch,L
Luckenbach Texas,L
Luckie's Tavern,L
Luckman Fine Arts Complex,L
Lucky Eagle Casino,L
Lucky Star Casino - Lucky Star Amphitheater,L
Lucky Strike Lanes,L
Ludlow Garage,L
Luedecke Arena,L
Luhrs Center,L
Luk Fu,L
Lulu's Downtown,L
Lundholm Gymnasium,L
Lure Patio,L
Luther Burbank Center for the Arts,L
Luther Nick Jeralds Stadium,L
Luxor Hotel & Casino,L
Luxor Theater,L
Luxurious Banquet Hall - Ft Lauderdale,L
LVC Expo Hall at the National Western Center,L
LVC Festival Grounds,L
Lyceum Theatre,L
Lyceum Theatre - NY,L
Lyell B. Clay Concert Theatre,L
Lynah Rink,L
Lynn Family Stadium,L
Lynn Memorial Auditorium,L
Lyon County Fairgrounds,L
Lyric Baltimore,L
Lyric Hammersmith,L
Lyric Opera House,L
Lyric Opera of Chicago,L
Lyric Theatre,L
Lyric Theatre - Birmingham,L
Lyric Theatre - Florida,L
Lyric Theatre of Oklahoma,L
Lytham Green,L
M Resort Spa Casino,M
M&S Bank Arena,M
M&T Bank Arena,M
M. L. Tigue Moore Field at Russo Park,M
M.M. Roberts Stadium,M
M1 Concourse,M
Mabee Center,M
Mable House Barnes Amphitheatre,M
Mac Arthur Center 18,M
MAC Center at Kent State University,M
Mac Nease Baseball Park at Russ Chandler Stadium,M
MacDonald Island Park,M
MacEwan Hall,M
Mack Sports & Exhibition Center,M
Mackay Stadium,M
Mackey Arena,M
Macky Auditorium,M
Macomb Center for the Performing Arts,M
Macon Centreplex,M
Macon City Auditorium,M
MAD Amphitheater,M
MAD Club Wynwood,M
Madame Lou's,M
Madame Walker Legacy Center,M
Madison County Fairgrounds - NE,M
Madison Live!,M
Madison Regatta,M
Madison Theater,M
Madison Theatre at Molloy College,M
Madrid Theatre,M
Magazine,M
Magic City Casino,M
Magness Arena,M
Magnolia Market Silos,M
Magnuson Park Hangar 30,M
Magoobys Joke House,M
Mahaiwe Performing Arts Center,M
Mahalia Jackson Theater of the Performing Arts,M
Mahall's - The Roxy,M
Maimonides Park,M
Main Hall Gasometer Schöneberg,M
Main Room,M
Main Street Armory,M
Main Street Crossing,M
Majestic Fort Smith,M
Majestic Fox Theater,M
Majestic Theatre,M
Majestic Theatre-NY,M
Makuhari Messe,M
Malkin Bowl,M
Mallet Event Center & Arena,M
Malmö Arena,M
Malone Stadium,M
Maloney Field at Laird Q. Cagan Stadium,M
Maltz Performing Arts Center,M
Malvern Country Club,M
Mama Roux's,M
Man about Modernism,M
Mana Wynwood,M
Manatee County Fairgrounds,M
Manchester Academy,M
Manchester Academy 1,M
Manchester Academy 2,M
Manchester Academy 3,M
Manchester Apollo,M
Manchester Cathedral,M
Manchester Club Academy,M
Manchester MOHO,M
Manchester Music Hall,M
Manchester Opera House,M
Mandalay Bay Beach,M
Mandalay Bay DAYLIGHT Beach Club,M
Mandalay Bay Resort & Casino,M
Mandalay Bay South Convention Center,M
Mandel Concert Hall at Severance Music Center,M
Mangy Moose,M
Manhattan Center Grand Ballroom,M
Manning Field At John L. Guidry Stadium,M
Manoa Valley Theatre,M
Mansfield High School Gymnasium,M
Mansfield Palace Theatre,M
Mansfield Stadium,M
Mansfield Theater Great Falls,M
Manship Theatre,M
Manuel Artime Theater,M
MAPFRE Stadium,M
Maple Grove Raceway,M
Maple Lane Farms,M
Maples Pavilion,M
Marché Jean Talon,M
Marcus Amphitheater (Summerfest),M
Marcus Center for the Performing Arts,M
Mardi Gras World,M
Margaret Court Arena,M
Margaritaville Resort Casino,M
Margate Winter Gardens,M
Marin County Civic Center,M
Marin Veterans' Memorial Auditorium,M
Marina Civic Center,M
Marina Green Park,M
Marina Park,M
Marine Parade,M
Marine Stadium,M
Marion Cultural and Civic Center,M
Mark C. Smith Concert Hall at Von Braun,M
Mark of the Quad Cities,M
Mark Ridley's Comedy Castle,M
Market Hotel,M
Market Rasen Racecourse,M
Marquee Dayclub,M
Marquee New York,M
Marquee Room,M
Marquee Theatre,M
Marquis Theater - Denver,M
Marriott Center,M
Marriott Houston CityPlace,M
Marriott Virginia Beach Oceanfront Resort,M
Mars Music Hall at Von Braun Center,M
Marshall Arena,M
Marshall Health Network Arena,M
Marshall Putnam County Fairgrounds,M
Marshfield Fairgrounds,M
Martin Luther King Jr Performing Arts Center,M
Martin Marietta Center - Fletcher Opera Theater,M
Martin Marietta Center - Kennedy Theatre,M
Martin Marietta Center - Memorial Auditorium,M
Martin Marietta Center - Meymandi Concert Hall,M
Martin Stadium,M
Martin Stadium - IL,M
Martin Woldson Theater at the Fox,M
Martini Ranch,M
Martini Tree Room,M
Martinsville Speedway,M
Martire Family Arena,M
Martyrs',M
Marvel Stadium,M
Mary Brown's Centre,M
Mary Janes Fat Cat,M
Mary Stuart Rogers Theater,M
Maryland Hall,M
Maryland International Raceway,M
Maryland State Fair,M
Marylebone Theatre,M
Marymoor Amphitheater,M
Marymoor Park,M
Masada Courtyard,M
Masonic Jack White Theatre,M
Masonic Lodge at Hollywood Forever,M
Masonic Temple Detroit,M
Masonic Temple Theatre,M
Masonic West River Park,M
Mass MoCA,M
Massey Theatre,M
MassMutual Center,M
Mat Franco Theater,M
Mattamy Athletic Centre,M
Matthew Knight Arena,M
Matthews Arena,M
Mattioli Arena,M
Maturi Pavilion,M
Maui Arts & Cultural Center - A&B Amphitheater,M
Mavericks Rock N' Honky Tonk at the Landing,M
Maverik Center,M
Maverik Stadium,M
Max Bell Centre,M
Max Bowl - Port Arthur,M
Max M. and Marjorie S. Fisher Music Center,M
Maxwell's,M
Maya Day and Nightclub,M
Mayfair Austin,M
Mayfair Theatre,M
Maymont Park,M
Mayo Civic Center Arena,M
Mayo Civic Center Auditorium,M
Mayo Civic Center Presentation Hall,M
Mayo Clinic Health System Event Center,M
Mayo Field,M
Mayo Performing Arts Center,M
Maysa Arena,M
Mazda Laguna Seca Raceway,M
MC3 Annapolis,M
MCA Denver at the Holiday Theater,M
McAlister Auditorium,M
McAlister Field House,M
McAllen Civic Auditorium,M
McAllen Convention Center,M
McCain Auditorium,M
McCallum Theatre,M
McCamish Pavilion,M
McCann Arena,M
McCarren Park Pool,M
McCarter Theatre Center,M
McCarthey Athletic Center,M
McCasland Field House,M
McCaw Hall at Seattle Center,M
McClurg Farm,M
McCormick Place,M
McCovey Cove at AT&T Park,M
McCurdy's Comedy Theatre,M
McDermott Convocation Center,M
McDonald Jones Stadium,M
McDonough Arena,M
McDougald-McLendon Arena,M
McFadden's KC,M
McFarland Park,M
McFarlin Auditorium,M
McGaw Chapel,M
McGrath Amphitheatre,M
McGrath-Phillips Arena,M
McGuirk Alumni Stadium,M
McGuirk Arena,M
McKale Center,M
McKnight Center for the Performing Arts,M
McLane Stadium,M
McLean County Fairgrounds,M
McLeod Center,M
McMahon Stadium,M
McMenamins Al's Den,M
McMenamins Edgefield Amphitheater,M
McMenamins Grand Lodge,M
McMenamins Mission Theater,M
McMenamins White Eagle Saloon,M
McMinnville Park Theater,M
McMorran Place Sports & Entertainment Center,M
McNichols Civic Center Building,M
McPherson Playhouse,M
MCU Park,M
McWhorter Stadium,M
Meade Stadium,M
Meadow Brook Theatre,M
Meadow Creek,M
Meadowbrook Musical Arts Center,M
Meadowlands Expo Center,M
Meadowlands Racetrack,M
Mecklenburg County Sportsplex,M
Medina Entertainment Center,M
Medlar Field at Lubrano Park,M
Meehan Auditorium,M
Meeks Family Fieldhouse,M
Melaleuca Field,M
Melching Field,M
Melkweg,M
Melody Mountain Ranch,M
Melrose Ballroom,M
Memorial Athletic and Convocation Center,M
Memorial City Hall Performance Center,M
Memorial Field,M
Memorial Gym - El Paso,M
Memorial Hall,M
Memorial Hall - Delaware,M
Memorial Park - Royal Oak,M
Memorial Stadium Boise,M
Meow Wolf Denver,M
Meow Wolf Houston,M
Merced Theatre,M
Mercedes-Benz Amphitheater,M
Mercer County Fairgrounds - OH,M
Mercer County Park Festival Grounds,M
Merchants Bank Field at Memorial Stadium,M
Mercury Ballroom,M
Mercury Lounge - Tulsa,M
Mercury Music Lounge,M
Mercyhurst Ice Center,M
MercyOne Field at Lewsi & Clark Park,M
Meridian Arts Center - Weston Recital Hall,M
Meridian Centre,M
Meridian Hall,M
Meridian Theatre @ Centrepointe,M
Meritus Park,M
Merkert Gymnasium,M
Merlefest Festival Grounds at Wilkes Community College,M
Merriam Theater,M
Merrill Auditorium,M
Merriweather Post Pavilion,M
Mershon Auditorium - Wexner Center for the Arts,M
Mesa Amphitheatre,M
Mesa Arts Center,M
Mesa Theater,M
Mesquite Arena,M
Meta APEX,M
Metra Park Arena,M
MetraPark Expo Center,M
MetraPark Fairgrounds,M
MetraPark Festival Grounds,M
MetraPark Outdoor Arena,M
MetraPark Pavilion,M
Metro Gallery,M
Metro Music Hall,M
Metro Theatre,M
Metro Toronto Convention Centre,M
Metrolina Expo,M
Metropolis,M
Metropolis Studios,M
Metropolitan 14,M
Metropolitan Opera House,M
Metropolitan Park,M
Meyer Theatre,M
Mezzanine,M
MGM Grand Detroit Event Center,M
MGM Music Hall at Fenway,M
MGM National Harbor,M
MGM Northfield Park - Center Stage,M
Miami Arena,M
Miami County Fairgrounds,M
Miami Herald Lot,M
Miami Improv,M
Miami International Autodrome,M
Miami Marine Stadium,M
Miami-Dade County Fair & Expo Grounds,M
Mic Drop Comedy,M
Mic Drop Comedy Plano,M
Mic Drop Mania,M
Michael J. Hagan Arena,M
Michael Jackson ONE Theatre at Mandalay Bay,M
Michelin Raceway Road Atlanta,M
Michelob ULTRA Arena at Mandalay Bay Resort & Casino,M
Michie Stadium,M
Michigan International Speedway,M
Michigan Lottery Amphitheatre at Freedom Hill,M
Michigan Stadium,M
Michigan Theatre - Ann Arbor,M
Mickey's Black Box,M
Microsoft Square at LA. Live,M
Mid Summer Music Fest Grounds,M
Mid-State Fair,M
Midco Arena,M
Middle Ages Brewing Company,M
Middle C Jazz,M
Middle East Downstairs,M
Middle Harbor Shoreline Park,M
Middlesbrough Town Hall,M
Middletown Ice Arena,M
MIDFLORIDA Credit Union Event Center,M
Midland Center for the Arts,M
Midland Theatre - OH,M
Midline,M
Midtown Ballroom,M
Midtown Green,M
Midway Music Hall,M
Midway Music Hall and Event Center,M
Midway Stadium,M
Mile High Ballroom,M
Mile One Centre,M
Milk+,M
MilkBoy - Philadelphia,M
Millennium Square,M
Miller Family Farm,M
Miller High Life Theatre,M
Miller Park,M
Miller Tavern & Beer Garden,M
Miller Theater,M
Miller Time Beer Hall at Stateside Live!,M
Millett Hall,M
Milton Court - Barbican,M
Milton Keynes Theatre,M
Milton S. Eisenhower Auditorium,M
Milwaukee Improv,M
Milwaukee Theater,M
Milwaukee Theatre,M
Mimi Ohio Theatre - Playhouse Square,M
Minami Soma Sports Arena,M
Mine Made Park,M
Mineola Nature Preserve,M
Miners Foundry Cultural Center,M
Minetta Lane Theatre,M
Minglewood Hall,M
Minneapolis Auditorium at the Convention Centre,M
Minneapolis Convention Center,M
Minneapolis Convention Center Auditorium,M
Minnesota Renaissance Festival Grounds,M
Minnesota State Fair,M
Minnesota State Fairgrounds - International Bazaar,M
Mirabito Stadium,M
Mirage Theatre at The Mirage,M
Miramar Beach - FL,M
Miramar Regional Park,M
Mishawaka Amphitheatre,M
Mission Ballroom,M
Mission Ballroom Outdoors,M
Mission BBQ,M
Mission Hill Winery,M
Mission Hills Country Club,M
Mission Valley 20,M
Mississippi Coast Coliseum,M
Mississippi Coliseum,M
Mississippi Nights,M
Mississippi Valley Fairgrounds,M
Mississippi Veterans Memorial Stadium,M
Missoula County Fairgrounds,M
Missouri State Fairgrounds,M
Missouri Theater - St. Joseph,M
Missouri Theatre - Columbia,M
Mitchell Center,M
Mizner Park Amphitheater,M
Mizzou Arena,M
Mizzou Softball Stadium,M
MJ Nesheiwat Convention Center,M
MLK Festival Grounds,M
Mo's Irish Pub,M
Mo's Place,M
Mobile Civic Center,M
Moby Arena,M
Mod Club Theatre,M
Moda Center,M
Modern Woodmen Park,M
Moe's Alley,M
Moe's BBQ,M
Moe's Original BBQ,M
Mohawk,M
Mohawk Valley Community College,M
Mohegan Arena At Casey Plaza,M
Mohegan Pennsylvania,M
Mohegan Sun Arena,M
Mohegan Sun Cabaret,M
Molson Canadian Centre at Casino New Brunswick,M
Momentum Bank Ballpark,M
Monarch,M
Monarch Theatre,M
Moncton Coliseum,M
Mondavi Center for the Performing Arts,M
Monmouth Park,M
Monroe Civic Center,M
Monroe County Fairgrounds,M
Monroe Rooftop,M
Mont-Tremblant Park,M
Montage Music Hall,M
Montana ExpoPark,M
Montauk Yacht Club Grounds,M
Monterey County Fairgrounds,M
"Monterey, CA",M
Montgomery Performing Arts Centre,M
Montgomery Riverwalk Stadium,M
Montreux Jazz Festival,M
Montrose Movies 12,M
Monument,M
Monument Lake Resort,M
Moody Amphitheater,M
Moody Center,M
Moody Coliseum,M
Moody Coliseum - Abilene,M
Moody Concert Hall,M
Moody Performance Hal,M
Moody Theater,M
Moon Room at Summit Denver,M
Moonlight Amphitheatre,M
Moonlight Musicals Amphitheatre,M
Moonshine Beach,M
Moonshine Flats,M
Moor Beer Co,M
Moore Gymnasium,M
Morden Park,M
Morehead State Academic-Athletic Center,M
Moreno Beach - Lake Perris State Recreation Camping,M
Morgan County Fair Grandstand,M
Morgan Family Arena,M
Morgan Hill Outdoor Sports Center,M
Morris Performing Arts Center,M
Morrison Center,M
Morrison County Fairgrounds,M
Morrison Market,M
"Morro Bay, CA",M
Morton Amphitheater,M
Morton County Fairgrounds,M
Morton H. Meyerson Symphony Center,M
Morton Meyerson,M
Mosaic Kansas City,M
Mosaic Nightclub & Lounge,M
Mosaic Rodeo Arena,M
Moscone Center,M
Mosswood Park,M
MOTH Club,M
Motorco Music Hall,M
Motorpoint Arena,M
Mott Athletics Center,M
Moultrie-Douglas Fairgrounds,M
Mount Baker Theatre,M
Mountain America Center,M
Mountain America Stadium,M
Mountain Arts Center,M
Mountain View Amphitheater,M
Mountaineer Field at Milan Puskar Stadium,M
Mousetrap,M
Movies at North Hills 14,M
Movies at The Falls,M
Moxi Theater,M
Mr. Smalls Theatre,M
MSU Riley Center,M
MSU Soccer Park at Pittser Field,M
MTELUS,M
Muckleshoot Events Center,M
Mulberry Mountain,M
Mullett Arena,M
Mullins Center,M
Mulroy Civic Center at Oncenter,M
Municipal Auditorium Kansas City,M
Municiple Auditorium,M
Munn Ice Arena,M
Murphy Athletic Center,M
Murphy Fine Arts Center,M
Murray Hill Theatre,M
Murrieta Town Square Amphitheater,M
MUSC Health Stadium - Daniel Island,M
Muscatine County Fairgrounds,M
Museum and Memorial Park,M
Music Box San Diego,M
Music Box Supper Club,M
Music Box Theatre,M
Music Center at Strathmore,M
Music Hall - Kansas City,M
Music Hall at Fair Park,M
Music Hall at the Cleveland Public Auditorium,M
Music Hall Center for the Performing Arts,M
Music Hall of Williamsburg,M
Musica NYC,M
Musical Instrument Museum,M
Musikfest Cafe,M
Muskogee Civic Center,M
Mustang Memorial Field,M
Mustang Sally,M
Muthers Studio,M
Myer Horowitz Theatre,M
Myles Reif Performing Arts Center,M
MyState Bank Arena,M
Mystic Lake Amphitheater - Shakopee,M
Mystic Theatre,M
Mystère Theatre at Treasure Island,M
MYTH LIVE,M
Myth Nightclub,M
Mémoire at Encore Boston Harbor,M
N. Charleston Coliseum,N
Nancy and Edward Roberts Studio Theatre,N
Naomi Bruton Center for the Arts,N
Napa Music Hall,N
Napa Valley Expo,N
Narrows Center for the Arts,N
Nashua Center for the Arts,N
Nashville Fairgrounds,N
Nashville Fairgrounds Speedway,N
Nashville Live!,N
Nashville Municipal Auditorium,N
Nashville Superspeedway,N
Nassau Veterans Memorial Coliseum,N
Natalie's Grandview,N
Nate Jackson's Super Funny Comedy Club,N
National Arts Centre,N
National Saloon Festival Tent,N
National Sawdust,N
National Stadium,N
National Tennis Center Grounds,N
National Western Events Center,N
Natomas Marketplace,N
Natural Chimneys Park,N
Nautilus,N
Naval Base Coronado Street Course,N
Navy Marine Corps Memorial Stadium,N
Navy Pier,N
NBT Bank Stadium,N
NCR Country Club,N
NCW Fairgrounds,N
Neal S Blaisdell Arena,N
Neal S. Blaisdell Center,N
Nebraska Memorial Stadium,N
Nebraskaland Grounds - Wild West Arena,N
Nebula,N
Neches Federal Credit Union Arenat at the Montagne Center,N
Neck of the Woods,N
Nectar,N
Nectar's,N
NEC玉川アリーナ,N
Ned Kelly's Down Under,N
Nederlander Theatre,N
Neighborhood Theatre - Main Room,N
Neighborhood Theatre - Tap Room,N
Nell's,N
Nelson Center Ice Rink,N
Nelson W. Wolff Municipal Stadium,N
Neon 194,N
Neon Cactus,N
Neon Nights Lawrence,N
Neosho Riverwalk Amphitheater,N
Neshaminy 24,N
Neta and Eddie DeRose Thunderbowl Stadium,N
Neurolux,N
Neuroscience Group Field at Fox Cities Stadium,N
Nevada County Fairgrounds,N
Nevermore Hall,N
Neville Arena,N
New Amsterdam Theatre,N
New Barn Theatre,N
New Belgium Brewing Company,N
New Brookland Tavern,N
New Century,N
New Century Locker,N
New City Gas,N
New Daisy Theatre,N
New England Dodge Music Center,N
New Hampshire Motor Speedway,N
New Jersey Performing Arts Center - Victoria Theater,N
New Meadowlands Stadium,N
New Mexico Museum of Art,N
New Morning,N
New Orleans Ernest N. Morial Convention Center,N
New Roc City 18 plus IMAX,N
New Theatre,N
New Theatre Oxford,N
New Theatre Royal,N
New Theatre Royal Lincoln,N
New Wimbledon Theatre,N
New World Stages - Stage 1,N
New World Stages - Stage 2,N
New World Stages - Stage 3,N
New World Stages - Stage 4,N
New World Stages - Stage 5,N
New World Tampa,N
New York City Center,N
New York Comedy Club - Stamford,N
New York Expo Center,N
New York State Fair,N
New York-New York Hotel and Casino,N
New Zealand Ice Cream,N
Newark Symphony Hall,N
Newbury Racecourse,N
Newcastle City Hall,N
Newcastle University Students Union,N
Newman Arena,N
Newman Center - Gates Concert Hall,N
Newman Outdoor Field,N
Newmark Theatre,N
Newmarket Racecourses,N
Newport Music Hall,N
Newspeak,N
Newton Performing Arts Center,N
Newton Theatre,N
Next Door Records Two,N
NextDoor,N
Neyland Stadium,N
NHC Arena,N
Nice N Sleazy,N
Nick's Comedy Stop,N
Nickel Plate District Amphitheater,N
Nicola Valley Memorial Arena,N
Nido and Mariana Qubein Arena,N
Night Club 101,N
Night We Met,N
Nile Theater,N
Nippert Stadium,N
Nippon Steel Sakai Gymnasium,N
Nissan Pavilion,N
NISSAN STADIUM,N
Niswonger Performing Arts Center - OH,N
Niswonger Performing Arts Center - TN,N
NIU Convocation Center,N
NM State Soccer Athletic Complex,N
NMSU Pan American Center,N
No Fun,N
No Other Pub,N
No9 (inside PRYSM),N
Nob Hill Masonic Center,N
Noel Coward Theatre,N
NOIR Toronto,N
NOKIA Music Hall,N
NOKIA Theatre,N
NOKIA West,N
Norfolk Scope Arena,N
Norrbottensteatern,N
NorShor Theatre,N
North Bay Memorial Gardens,N
North Beach Asbury Park,N
North Dakota State Fairgrounds,N
North Island Credit Union Amphitheatre,N
North Shore Center,N
North Shore Music Theatre,N
North Star Mohican Casino,N
North Texas Volleyball Center,N
North Wilkesboro Speedway,N
Northcote Theatre,N
Northern Alberta Jubilee Auditorium,N
Northern Illinois University Convocation Center,N
Northern Lights,N
Northern Lights Casino,N
Northern Quest Casino,N
Northern Quest Casino - Pend Oreille Pavilion,N
Northern Wisconsin State Fairgrounds,N
Northfield Square Mall,N
Northpoint Plaza,N
Northrop,N
Northrop Auditorium,N
Northtown 12,N
Northumbria Students Union,N
Northwest Arena,N
Northwest Washington Fair and Event Center,N
Northwestern Medicine Field,N
Northwoods Credit Union Arena,N
Norwich Playhouse,N
Norwood Theatre,N
NOS Events Center,N
NOTO Houston,N
NOTO Philadelphia,N
Notre Dame Stadium,N
Nottingham Field,N
Nottingham Royal Concert Hall,N
NOVA SD,N
Novant Health Fieldhouse,N
Novello Theatre,N
NOW Arena,N
NRG Center,N
NTC at Liberty Station - Barracks 3,N
nTelos Wireless Pavilion,N
Nugget Event Center,N
Number 38,N
Numbers,N
Numerica Veterans Arena,N
Nusz Park,N
Nutter Center,N
Nutty Brown Cafe,N
NV Music Hall,N
NX Newcastle,N
NXNE Port Lands Festival Grounds,N
"NYCB LIVE, Home of The Nassau Veterans Memorial Coliseum",N
Nyhemshallen,N
Nymeo Field At Harry Grove Stadium,N
NYTEX Sports Centre,N
NYU Skirball Center,N
O'Brate Stadium,O
O'Brien Field,O
O'Brien's Pub,O
O'Keefe Gym,O
O'Kelly-Riddick Stadium,O
O'Neill Community Center,O
O'Reilly Family Event Center,O
O'Shaughnessy Stadium,O
O.C. Tanner Amphitheater,O
O2 Academy 2 Birmingham,O
O2 Academy 2 Islington,O
O2 Academy 2 Oxford,O
O2 Academy 2 Sheffield,O
O2 Academy 3 Birmingham,O
O2 Academy Birmingham,O
O2 Academy Bournemouth,O
O2 Academy Bristol,O
O2 Academy Brixton,O
O2 Academy Glasgow,O
O2 Academy Islington,O
O2 Academy Leeds,O
O2 Academy Liverpool,O
O2 Academy Oxford,O
O2 Academy Sheffield,O
O2 Academy2,O
O2 Apollo Manchester,O
O2 Arena,O
O2 Blueroom at The O2,O
O2 City Hall,O
O2 Forum Kentish Town,O
O2 Guildhall Southampton,O
O2 Institute Birmingham,O
O2 Institute2 Birmingham,O
O2 Institute3 Birmingham,O
O2 Ritz Manchester,O
O2 Shepherd's Bush Empire,O
O2 Victoria Warehouse,O
O2 World,O
Oak Canyon Ranch,O
Oak Grove Gaming Outdoor Amphitheater,O
Oak Hill Country Club,O
Oakland Arena Grounds,O
Oakland Soccer Field,O
Oakland-Alameda County Coliseum,O
Oaklawn Racing Casino Resort,O
Oakmont Country Club,O
OASIS - SF,O
Oasis Wynwood,O
OC Fair and Event Center,O
Ocean Bank Convocation Center,O
Ocean Casino Resort,O
Ocean Center,O
Ocean City Inlet Beach,O
Ocean City Music Pier,O
Ocean City Performing Arts Center,O
Ocean Mist,O
OceanFirst Bank Center,O
Octagon,O
Octagon Centre,O
Odde Ice Arena,O
ODU Constant Convocation Center,O
ODU University Theatre,O
Off Broadway,O
Off The Hook Comedy Club,O
Off The Rails,O
Ogden Amphitheater,O
Ogden Pioneer Days,O
Ogden Theatre,O
Ogemaw County Fair,O
Ogren Park at Allegiance Field,O
Oh Yeah,O
Ohio Convocation Center,O
Ohio Expo Center & State Fairgrounds,O
Ohio State Ice Rink,O
Ohio State Lacrosse Stadium,O
Ohio Theatre,O
Ohio Theatre - Columbus,O
Oil Palace,O
Ojai Deer Lodge,O
OKC Civic Center Music Hall,O
OKC Farmers Market,O
OKC Zoo Amphitheatre,O
Okinawa Suntory Arena,O
Oklahoma City Arena,O
Oklahoma Memorial Stadium,O
Old Barn Theatre,O
Old Bridge Township Raceway Park,O
Old Concrete Street Amphitheater,O
Old Field Beach at Indian Lake,O
Old Forester's Paristown Hall,O
Old Mill 10,O
Old National Events Plaza,O
Old Port of Montreal,O
Old Rock House,O
Old Royal Naval College,O
Old Settlers Days,O
Old Settlers Music Festival,O
Old South Meeting House,O
Old Town Hall Theater,O
Old Town Pub & Restaurant,O
Old Town School of Folk,O
Old Vic Theatre,O
Ole Miss Softball Complex,O
Ole Red Gatlinburg,O
Ole Red Las Vegas,O
Ole Red Las Vegas Rooftop,O
Ole Red Nashville,O
Ole Red Orlando,O
Ole Red Tishomingo Restaurant,O
OLG Stage at Fallsview Casino,O
Oliver C. Dawson Stadium,O
Olney Theatre Center,O
Olsen Field at Blue Bell Park,O
Olympia London,O
Olympia Theater at Gusman Center,O
Olympic Center,O
Olympic Venue: Carson Field,O
Olympic Venue: Long Beach Target Shooting Hall,O
Omaha Civic Auditorium,O
Omaha Music Hall,O
Omeara,O
Omni La Costa Resort & Spa,O
ONCE Ballroom,O
One Longfellow Square,O
One New Zealand Stadium,O
One Ninety four,O
One Spokane Stadium,O
ONEOK Field,O
ONT Field,O
Ontario Improv,O
Ookini Arena Maishima,O
Open Chord Music,O
OPEN HOUSE ARENA OTA,O
Opera House,O
Ophelia's Electric Soapbox,O
Opry House,O
Opry Mills 20 plus IMAX,O
Oran Mor,O
Orange Campus Ulm,O
Orange County Fair & Event Center,O
Orange County Performing Arts Center,O
Orchard West,O
Orchestra Hall Minneapolis,O
Ordway Music Theater,O
Oregon Cabaret Theatre,O
Oregon State Fair and Exposition Center,O
Oriental Theater,O
Orillia Opera House,O
Orlando Amphitheater at the Central Florida Fairgrounds,O
Orlando Speed World,O
Orleans Arena,O
Ormond Beach Performing Arts Center,O
Orpheum Theater,O
Orpheum Theater - Omaha,O
Orpheum Theater - Sioux Falls,O
Orpheum Theater - Vancouver,O
Orpheum Theatre,O
Orpheum Theatre - Boston,O
Orpheum Theatre - Madison,O
Orpheum Theatre - Memphis,O
Orpheum Theatre - New Orleans,O
Orpheum Theatre - New York,O
Orpheum Theatre - Phoenix,O
Orpheum Theatre - San Francisco,O
Orpheum Theatre - Sioux City,O
Orpheum Theatre - Wichita,O
Ortlieb's,O
Osceola Heritage Park,O
Oshkosh Arena,O
Oskar Blues Brewery Taproom,O
Oskar Blues Grill and Brew - Denver,O
Oslo Hackney,O
Otherworld,O
Otsego County Fairgrounds,O
Otsiningo Park,O
Ottawa County Fairgrounds,O
Ottawa Farms,O
Ottawa Stadium,O
Ottobar,O
OU Credit Union O'rena,O
Outdoor Ice Rink at Solaris Plaza,O
Outdoors at The Majestic Theatre,O
Outdoors at the New National Western Center Yards,O
Outer Harbor Live,O
Outlaw Field at the Idaho Botanical Gardens,O
Outpost Ice Arena,O
OUTRIGGER Waikiki Beachcomber Hotel,O
Oval Space,O
Ovation Hall in Ocean Casino Resort,O
Ovens Auditorium,O
Overflow Brewing Company,O
Overton Park Shell,O
Ovintiv Events Centre,O
OVO Arena Wembley,O
OVO Hydro,O
Owensboro Sportscenter,O
Oxford Performing Arts Center,O
Oxford-University Stadium at Swayze Field,O
Oxnard Levity Live,O
Oxy Sports Complex,O
Ozark Music Hall,O
Ozarks Amphitheater,O
Ozinga Field,O
P&J Live,P
"P&J Live, Arena",P
"P&J Live, Hall C",P
Pablo Center - Brady and Jeanne Foust Gallery,P
Pablo Center - James W Hansen Gallery,P
Pablo Center - JAMF Theatre,P
Pablo Center - Laurie Bieze Gallery,P
Pablo Center - Marilyn Schaefer Riverfront Hall,P
Pablo Center - Market & Johnson Clearwater Recital Hall,P
Pablo Center - RCU Theatre,P
Pablo Center - Richard & Marcia Larson Performance Gallery,P
Pablo Center - Robert Manz Green Room,P
Pablo Center - Room 327,P
Pace Stadium,P
Pacific Amphitheatre,P
Pacific Electric,P
Pacific Raceways,P
Packard Music Hall,P
Packinghouse,P
Page Stadium,P
Paintsville-Prestonsburg Airport,P
Pala Casino,P
Pala Casino Infinity Theater,P
Pala Casino Spa & Resort,P
Palace of Fine Arts,P
Palace of Fine Arts Theatre,P
Palace Theater - Waterbury,P
Palace Theatre,P
Palace Theatre Albany,P
Palace Theatre Crossville,P
Palace Theatre Greensburg,P
Palace Theatre Manchester,P
Paladin Stadium,P
Palais des Sports Leopold-Drolet,P
Palais Montcalm,P
Palisades Tahoe,P
Palladium Times Square,P
Palladium Worcester,P
Palm Room at Turner Hall,P
Palm Springs Convention Center,P
Palm Springs Cultural Center,P
Palm Springs Surf Club,P
Palm Springs Walk of Stars,P
Palm Tree Beach Club,P
Palm Tree Club KC,P
Palm Tree Club Miami,P
Palm Tree Club Rooftop,P
Palmdale Amphitheater,P
Palmer Events Center,P
Palmer Park,P
Palms Crossing,P
Palms Pool,P
Pan American Center,P
Pantages Theater - WA,P
Pantages Theatre - CA,P
Pantages Theatre - MN,P
Panther Island Pavilion,P
Panther Stadium at Blackshear Field,P
Paolo Soleri Amphitheatre,P
Papa John's Cardinal Stadium,P
Paper Dress Vintage,P
Papillon,P
Pappy & Harriet's,P
Paradise Coast Sports Complex,P
Paradise Theater,P
Paragon Casino,P
Paramount Bristol,P
Paramount Fine Foods Centre,P
Paramount Hudson Valley Theater,P
Paramount Theatre,P
Paramount Theatre - Ashland,P
Paramount Theatre - Rutland,P
Paramount Theatre Anderson,P
Paramount Theatre Aurora,P
Paramount Theatre Denver,P
Paramount Theatre Middletown,P
Paramount Theatre Oakland,P
Paramount Theatre Seattle,P
Parc Jean Drapeau,P
PARCO 劇場,P
Pards North Park,P
Paris La Défense Arena,P
Paris Theatre at Paris Las Vegas,P
Parish Austin,P
Park Church Co-Op,P
Park Theatre,P
Park West,P
Parker Playhouse,P
ParkStage,P
Parkview Field,P
Parkway Theater,P
Parxgrill at Parx Casino,P
Pasadena Civic Auditorium,P
Pasadena Convention Center,P
"Pasadena, CA",P
Pasquerilla Performing Arts Center,P
Pat Kenelly Diamond at Alumni Field,P
Patchogue Theatre,P
Paterson Park,P
Patricia Wilson Field,P
Patriots Point Soccer Stadium,P
Patriots Theater at the War Memorial,P
Patterns Brighton,P
Paul JAS Center,P
Paul Porter Arena,P
Paul Thomas Sr. Field,P
Pauley Pavilion,P
Pauline Davis Pavilion,P
Pavilion at Ole Miss,P
Pavilion at Toyota Music Factory,P
Pavilion Theatre,P
"Pavilion Theatre, Worthing",P
Pawleys Island Festival of Music & Art,P
Payne Arena,P
Payne Auto Group Rodeo Arena,P
Payne Whitney Gymnasium,P
Payomet Performing Arts Center,P
Payson Park,P
PBR Atlanta,P
PBR Baltimore,P
PBR Big Sky,P
PBR Cary,P
PBR Columbus,P
PBR Hampton,P
PBR Lockhart Smokehouse Huntsville,P
PBR Louisiana,P
PBR Louisville,P
PBR Miami,P
PBR Nashville,P
PBR Norfolk,P
PBR Orlando,P
PBR Philly,P
PBR Pittsburgh,P
PBR St. Louis,P
PBR Texas,P
Peabody Auditorium,P
Peabody's Nightclub,P
Peacock Place,P
Peacock Theater,P
Peacock Theatre,P
Pearl Concert Theater,P
Pearl Showroom at Pure Casino Yellowhead,P
Pearl Street Warehouse,P
Pebble Beach Golf Links,P
Peckham Audio,P
Peden Stadium,P
Peery's Egyptian Theater,P
Pegula Ice Arena,P
Pelham Civic Complex,P
Pelicans Ballpark,P
Pendleton Round-Up,P
Penn & Teller Theater at Rio Las Vegas,P
Penn Medicine Park,P
Penn's Peak,P
Pennsylvania Convention Center,P
Pennysaver Amphitheater at Bald Hill,P
Pensacola Bay Center,P
Pensacola Saenger Theatre,P
Penta Field at Lee's Family Forum,P
Penticton Trade and Convention Centre,P
Peoples Bank Theatre,P
Peoples Natural Gas Field,P
Peoria Civic Center Arena,P
Peoria Civic Center Convention Center,P
Peoria Civic Center Theater,P
Peoria RiverFront,P
Peoria Sports Complex,P
Peppermill Concert Hall,P
Pepsi Amphitheater at Fort Tuthill Park,P
Pepsi Center,P
Perception Digital Art Experience,P
Percival Molson Memorial Stadium,P
Perdue Stadium,P
Performance Pavilion at Sweetwater,P
Performing Arts Center at Five Points,P
Performing Arts Center at Kent State Tuscarawas,P
Performing Arts Center San Luis Obispo,P
Perimeter Pointe,P
Perinton Center Park Amphitheater,P
Pershing Auditorium,P
Pershing Center,P
Perth Concert Hall,P
Perth HPC,P
Pete Hanna Center,P
Pete Hanna Stadium,P
Pete Maravich Assembly Center,P
Pete Mathews Coliseum,P
Pete Taylor Park,P
Peter Barton Lacrosse Stadium,P
Peter Jay Sharp Theatre at Symphony Space,P
Peterborough Memorial Centre,P
Petersen Events Center,P
Petersen Park,P
Peterson Gymnasium,P
Petit Bain,P
Petty Place at Texas Motor Speedway,P
PGA West,P
PGA West - La Quinta Country Club,P
Phantom Power,P
"Phelan, CA",P
Phil Long Music Hall at Bourbon Brothers,P
Phil Swimley Field at Dobbins Stadium,P
Philadelphia Cricket Club,P
Philadelphia Cruise Terminal,P
PhilaMOCA,P
Philharmonic Center for the Arts,P
Phoenix Convention Center,P
Phoenix Hotel,P
Phoenix Municipal Stadium,P
Phoenix Plaza Amphitheater,P
Phoenix Raceway,P
Phoenix Rising Stadium,P
Phoenix Symphony Hall,P
Phoenix Theatre,P
Photo City Music Hall,P
Physical Education Complex at Coppin State,P
Piccadilly Theatre,P
Pickens County Performing Arts Center,P
Pickering Casino Resort,P
Pickleball Virginia Beach,P
Pickles-Walker Stadium,P
Picnic Grove at Parx Casino,P
Pico Rivera Sports Arena,P
Pico Union Project,P
Pictona at Holly Hill,P
Piedmont Hall,P
Piedmont Park,P
Pier 17 – Fourth Floor Event Space,P
Pier 33 - Port City Marina,P
Pier 36 NYC,P
Pier 4 Park,P
Pier 48's Shed A,P
Pier 62,P
Pier 80,P
Pier 80 Warehouse,P
Pier Six Pavilion,P
Pierce College,P
Piere's Entertainment Center,P
Pikes Peak Center,P
Piknic Électronik,P
Pima County Fairgrounds,P
Pimlico Race Course,P
Pine Creek Lodge,P
Pines Theater,P
Pinewood Bowl Theater,P
Piney Orchard Ice Arena,P
Pinnacle Bank Arena,P
Pioneer Center for the Performing Arts,P
Pioneer Courthouse Square,P
Pioneer Field,P
Pioneer Square,P
Pioneer Works,P
Pipa Event Center,P
Pipeline Cafe,P
Pisgah Brewing Company,P
"Pismo Beach, CA",P
Pitbull Stadium,P
Pitman Theatre - Alverno,P
Pitt Center,P
Pittsburgh Brewing Company,P
Pittsburgh Improv,P
Pittsburgh Playhouse of Point Park University,P
Pittsburgh Winery,P
Pizza Bar,P
Pizza Hut Park,P
Pizza Pie Looza,P
Pizzitola Sports Center,P
PJ's Lager House,P
PK Park,P
Place Bell,P
Place des Arts - Cinquième salle,P
Place Des Arts - La Maison Symphonique,P
Place Des Arts - Salle Claude-Léveillée,P
Place Des Arts - Theatre Maisonneuve,P
Place des Arts du Grand Sudbury,P
Place des Festivals - Zibi,P
Place Festivalma,P
Plains of Abraham,P
Plainsman Park,P
Planet Bluegrass,P
Planet Gemini,P
Planet Hollywood Resort & Casino,P
Plantation Course at Kapalua,P
Plaster Stadium,P
Platte County Fair,P
Playa Ponderosa,P
Playhouse,P
Playhouse Square Center,P
PlayStation Theater,P
Playwrights Theatre,P
Plaza Fiesta,P
Plaza Gasometer Schöneberg,P
Plaza Repentigny,P
Plaza Stage at Nationals Park,P
Plaza Theatre - Palm Springs,P
Pleasant Valley Country Club,P
"Plenary, Melbourne Convention and Exhibition Centre",P
Plumas-Sierra County Fairgrounds,P
Plush,P
Plymouth Central Park,P
Plymouth Memorial Hall,P
Plymouth Motor Speedway,P
Plymouth Pavilions,P
PNC Field,P
PNC Pavilion,P
PNC Waterside Pavilion at Calvert Marine Museum,P
PNE Amphitheatre,P
Pocono Raceway,P
Podlasie Club,P
Point Defiance Zoo,P
Point Ephémère,P
Point Malcolm Reserve,P
Point of the Bluff,P
Poirier Sport & Leisure Complex,P
Poland Spring Arena at the Ritacco Center,P
Polar Bear Music Club,P
Polar Park,P
Polaris Hall,P
Pollak Auditorium,P
Pompano Beach Amphitheater,P
Pompano Beach Cultural Center,P
Ponderosa Lounge & Grill,P
Ponte Vedra Concert Hall,P
Pop's Farm,P
Popejoy Hall,P
Pops,P
Populux,P
POPUP!,P
Port of Québec Agora,P
PORTAL at fifteenTWELVE,P
Porter County Fairgrounds,P
Portland Arms,P
Portland Center for the Performing Arts - Keller Auditorium,P
Portland Expo Center,P
Portland Exposition Building,P
Portland House of Music and Events,P
Portland International Raceway,P
Portland Memorial Coliseum,P
Portneuf Health Trust Amphitheatre,P
Ports O' Call Village,P
Portsmouth Guildhall,P
Portsmouth Pyramids Centre,P
Post Gazette Pavilion At Star Lake,P
Potbelly's,P
Potosi Live,P
Poway Center-Performing Arts,P
Powderham Castle,P
Power Plant Hampton Roads,P
Power Plant Live!,P
Powers Auditorium,P
Powerstation,P
PPL Center,P
Prairie Band Casino & Resort,P
Prairie Knights Casino,P
Prairie Lakes Ice Arena,P
Prairie's Edge Casino Resort,P
Prather Coliseum,P
Premier Theater at Foxwoods Resort Casino,P
Prentup Field,P
Presence Arena,P
Presented by Denver Arts & Venues,P
Preserving Underground,P
Presidio Theatre,P
Presley Askew Field,P
Preston Park,P
Prestonwood Country Club,P
Primary Night Club,P
Prince Edward Theatre,P
Prince George Conference and Civic Centre,P
Prince George's Stadium,P
Prince Of Wales Theatre,P
Prince's Island Park,P
Princes Hall,P
Princess Pavilion,P
Princess Theatre,P
Princess Theatre - Alabama,P
Princeton Stadium,P
Princeton Theatre,P
Principal Park,P
Proceed Arena,P
Proceed Arena HIKONE,P
Procter and Gamble Hall at the Aronoff Center for the Arts,P
Proctor's Theatre,P
Progress Energy Center for the Performing Arts,P
Progress Energy Center Raleigh Memorial Auditorium,P
Progressive Auto Sales Arena,P
Project 70: Under the Bridge,P
Promenade Park,P
Propst Arena - Von Braun Center,P
Prospect Park Bandshell,P
Prospera Place,P
Protective Stadium,P
Proud Larry's,P
Providence Performing Arts Center,P
Provident Credit Union Event Center,P
Provincetown Town Hall,P
Provost Umphrey Stadium,P
Prudential Hall,P
Pryor Creek Music Festivals,P
PRYSM Chicago,P
Public Arts,P
Public Works,P
Publix Field at Joker Marchant Stadium,P
Pueblo Convention Center,P
Pueblo Memorial Hall,P
Puerto Rico Convention Center,P
Pullman Yards,P
Punch Line Houston,P
Punch Line Philly,P
Punch Line Sacramento,P
Punch Line San Francisco,P
Punchestown Racecourse,P
Punchline Comedy Lounge,P
Purcell Pavilion at the Joyce Center,P
Purcell Room,P
Pure Mixed Martial Arts,P
Pure Nightclub,P
PURE Nightclub at Caesars Palace,P
Purgatory at The Masquerade,P
Purple Fiddle,P
Put-In-Bay Airport,P
Puyallup Fairgrounds at Washington State Fair,P
Puzzles Deep Ellum,P
Pyramid & Parr Hall,P
Q Casino,Q
Q Nightclub,Q
QEII Arena,Q
Quad Cities Waterfront Convention Center,Q
Quail Hollow Country Club,Q
Quarry Amphitheater,Q
Quarry Park Amphitheatre,Q
QUARTERBACK Immobilien ARENA,Q
Quarters,Q
Quartyard,Q
Quechan Casino,Q
Queen Elizabeth Hall,Q
Queen Elizabeth Theatre,Q
Queen Margaret Union,Q
Queen Mary Events Park,Q
Queen Mary Ship & Park,Q
Queen's Theatre,Q
Queensland Country Bank Stadium,Q
Quicken Loans Arena,Q
Qwest Center,Q
Rabbit Rabbit,R
Rabobank Arena,R
Rabobank Arena Theater & Convention Center,R
Rabobank Theater,R
RAC Arena,R
Raccoon Motel,R
Raceway Park,R
Racine Theatre Guild,R
Racket,R
RAD Torque Raceway,R
Radians Amphitheater,R
RADIO/EAST,R
Radius,R
Raimondi Park,R
Rainbow Ballroom,R
Raising Cane's River Center Arena,R
Raising Cane's River Center Theatre,R
Raleigh Improv,R
Raleigh Memorial Auditorium,R
Ralph Engelstad Arena,R
Ralph Engelstad Arena Thief River Falls,R
Ramona Mainstage,R
Ramova Theatre,R
Rams Head Live!,R
Rams Head On Stage,R
Ramsey Center,R
Rat & Pigeon,R
Rath Eastlink Community Centre,R
Ravinia,R
Rawhide Event Center,R
Rawkus,R
RAWLAW by VOREAS,R
Ray Charles Performing Arts Center,R
Ray E. Didier Field at Ben Meyer Diamond,R
Raymond C Hand Baseball Park,R
Razorback Field,R
RBC Amphitheater,R
RBC Center,R
RBC Deep Ellum,R
Reading Eagle Theater at the Santander Arena,R
Reardon Auditorium,R
Reaves Arena,R
Rebecca Cohn Auditorium,R
Rebel,R
Rebellion Manchester,R
Rebich Investments Amphitheater,R
Rec Room,R
Recess,R
Reckling Park,R
Recreation Hall - Penn State,R
Red & Charline McCombs Field,R
Red Bird Mall,R
Red Butte Garden,R
Red Deer Memorial Centre,R
Red Flag,R
Red Hill Auditorium,R
Red Light Cafe,R
Red Lodge Songwriter Festival Grounds,R
Red River Station BBQ,R
Red River Valley Fair,R
Red Rock Resort,R
Red Rocks - Parking Lot,R
Redding Civic Auditorium,R
Redford Theatre,R
Redgrave Theatre,R
Redhawk Center,R
Redondo Beach Performing Arts Center,R
Reed Arena,R
Reed Green Coliseum,R
Reed Gym,R
ReelWorks Denver,R
Reese Court,R
Reese Smith Jr Field,R
Reese Stadium,R
Reframe Studios Outdoors,R
Regal Auburn Stadium 17,R
Regal Ballston Common Stadium 12,R
Regal Bel Air Cinema Stadium 14,R
Regal Bella Bottega Stadium 11,R
Regal Brooklyn Center Stadium 20,R
Regal Brunswick 10,R
Regal Carousel Mall Stadium 17,R
Regal Cielo Vista Stadium 18 & RPX,R
"Regal Cinemas Augusta Exchange 20 & IMAX, Augusta, Georgia, United States",R
Regal Cinemas Brunswick 10,R
Regal Cinemas L.A. LIVE,R
Regal Citrus Park Stadium 20,R
Regal Colonnade Stadium 14,R
Regal Commerce Center 18,R
Regal Crocker Park Stadium 16 & IMAX,R
Regal Crossgates Stadium 18,R
Regal Crossroads Mall 16,R
Regal Crystal Lake Showplace 16,R
Regal Eagan Stadium 16,R
Regal Eastview Mall 13,R
Regal Fairfax Town Center,R
Regal Fairfield Commons Stadium 20,R
Regal Gainesville Cinema Stadium 14,R
Regal Georgesville Square Stadium 16,R
Regal Hacienda Crossings 20 & IMAX,R
Regal Hamburg Pavilion Stadium 16,R
Regal Hamilton Place 8,R
Regal Harrisburg Stadium 14,R
Regal Hollywood 24 @ North I-85,R
Regal Hollywood Stadium 18,R
Regal Hollywood Stadium 18 - Huntsville,R
Regal Hollywood Stadium 20 & RPX - Greenville,R
Regal Hollywood Stadium 20 - Greenville,R
Regal Kansas City Stadium 18,R
Regal Lincolnshire 20 & IMAX,R
Regal Lincolnshire Stadium 21 & Imax,R
Regal MacArthur Center Stadium 18,R
Regal Metropolitan Stadium 14,R
Regal Natomas Marketplace 16,R
Regal Natomas Marketplace Stadium 16,R
Regal New Roc Stadium 18 & IMAX,R
Regal North Hills Stadium 14,R
Regal Northtown Mall Stadium 12,R
Regal Opry Mills Stadium 20 & IMAX,R
Regal Perimeter Pointe Stadium 10,R
Regal Royal Palm Beach Stadium 18 & RPX,R
Regal Severance Town Center Stadium 14,R
Regal Solomon Pond Stadium 15,R
Regal South Beach Stadium 18,R
Regal St. Louis Mills Stadium 18 & IMAX,R
Regal Stonecrest At Piper Glen Stadium 22 & IMAX,R
Regal Transit Center Stadium 18 & IMAX,R
Regal Trussville Stadium 16,R
Regal Union Square Stadium 14,R
Regal Village Square Stadium 18,R
Regal Virginia Center Stadium 20,R
Regal Warrington Crossing Stadium 22 & IMAX,R
Regal Waterford Lakes Stadium 20 & IMAX,R
Regal West Town Mall Stadium 9,R
Regal Westlake Promenade Cinema 11,R
Regal White Stadium 14,R
Regattabar,R
Regency Furniture Stadium,R
Regent Theatre,R
Regents Hall,R
Reggies Chicago,R
Regions Field,R
Regis Field House,R
Reilly Arts Center,R
Reilly Center,R
Reitz Arena,R
Reliant Park,R
Reliant Stadium,R
Remlinger Farms,R
Renaissance Theatre,R
Rendezvous Event Center,R
Rendezvous Jewelbox Theater,R
Reno Events Center,R
Reno Public Market,R
Reno-Sparks Convention Center,R
Reno-Sparks Livestock Events Center,R
Rentschler Field,R
Rentschler Field at Pratt & Whitney Stadium,R
Renée and Henry Segerstrom Concert Hall,R
Republic Bank Performing Arts Center,R
Republic NOLA,R
Resch Center,R
Reser Stadium,R
Resident,R
Resonant Head,R
Resorts Casino Hotel Atlantic City,R
Resorts World Event Center,R
Resorts World Theatre,R
Respectable Street,R
Retama Park,R
Retro Junkie,R
Reunion Arena,R
Revel - Ovation Hall,R
Revelry Food+Music Hub,R
Revenge,R
Reverb,R
Reverb Lounge,R
Revolution,R
Revolution Concert House & Event Center,R
Revolution Hall,R
Revolution Live,R
Revolution Place,R
Revolver Brewhouse,R
Rexall Place,R
Reynolds Hall at The Smith Center,R
Rhoads Stadium,R
Rhodes Stadium,R
Rhythm City Casino Resort,R
Rhythm Room Phoenix,R
Rialto Bozeman,R
Rialto Square Theatre,R
Rialto Theater Center,R
Rialto Theater Tacoma,R
Rialto Theatre Tucson,R
Ricardo Montalbán Theatre,R
Rice Stadium,R
Rice-Totten Field,R
Rich's,R
Rich's Houston,R
Richard Rodgers Theatre New York,R
Richardson Auditorium in Alexander Hall,R
Richmond Coliseum,R
Richmond Memorial Auditorium,R
Richmond Music Hall at Capital Ale House,R
Richmond Raceway,R
Richmond Theatre,R
Rick Bronson's - House of Comedy AZ,R
Rick Bronson's - House of Comedy BC,R
Rick Bronson's - House of Comedy MN,R
Rick Bronson's - The Comic Strip,R
Rick's Cafe,R
Rickshaw Theatre,R
Ridder Arena,R
Riddle-Pace Field,R
Ridgefield Outdoor Recreation Complex,R
Ridglea Theater,R
Riglea Theater,R
Rillito Racetrack-Chute,R
Rimac Arena UCSD,R
RingCentral Coliseum,R
Ringside Café,R
Rinker Playhouse,R
RiNo Music Festival,R
Rio Grande Credit Union Field at Isotopes Park,R
Rio Grande Park,R
Rio Hotel & Casino,R
Rio Rancho Events Center,R
Rio Theatre,R
Rio Tinto Kennecott Stage At America First Square,R
Rio Vista Lot at The Historic Sears Building,R
Riot Room,R
Ripken Stadium,R
Rita Hillenbrand Memorial Stadium,R
Ritacco Center,R
Ritz Theater and Performing Arts Center,R
Ritz Theatre - FL,R
Ritz Theatre - NJ,R
Ritz-Carlton Golf Club Orlando,R
River Center Des Moines,R
River City Casino,R
River Cree Casino,R
River Oaks Country Club,R
River Rock Casino,R
River's Edge Park in Council Bluffs,R
Riverbend Centre,R
RiverCenter,R
RiverCenter - Adler Theatre,R
Riverdome at Horseshoe Bossier City,R
Riverfest Amphitheater,R
Riverfront Live,R
Riverfront Park,R
Riverfront Park Harrisburg,R
Riverfront Park North Charleston,R
Riverfront Spokane,R
Riverfront Stadium Tampa,R
RiverPark Center,R
Rivers Casino & Resort Schenectady,R
Rivers Casino Des Plaines,R
Rivers Casino Event Center,R
Rivers Casino Philadelphia,R
Rivers Casino Portsmouth,R
Rivers Run Event Center,R
Riverside,R
Riverside Arena,R
Riverside Auditorium,R
Riverside Ballroom,R
Riverside Casino Event Center,R
Riverside Church,R
Riverside County Fairgrounds,R
Riverside Leisure Centre,R
Riverside Municipal Auditorium,R
Riverside Place,R
Riverside Revival Nashville,R
Riverside Studios,R
Riverside Theatre,R
Riverside Theatre Perth,R
Riverstage,R
Riverview Park Amphitheater,R
Riverview Plaza,R
Riverwind Casino,R
Rivets Stadium,R
Riviera Country Club-CA,R
Riviera Theatre,R
Riviera Theatre North Tonawanda,R
RNCM Concert Hall,R
RNCM Theatre,R
Roadhouse at The Mill,R
Roadmender,R
Roadrunner,R
Roanoke Civic Center,R
Roanoke Island Festival Park,R
Robert & Judi Newman Center For Theatre Education,R
Robert & Mariam Hayes Stadium,R
Robert K Craft Field at Lawrence A. Wien Stadium,R
Robert's Westside,R
Roberts Centre,R
Roberts Orpheum Theatre,R
Roberts Stadium,R
Robin Hill Country Park,R
Robins Center,R
Robins Stadium,R
Robins Theatre,R
Robinson Center,R
Robinson Grand Performing Arts Center,R
Roccapulco,R
Rochester Castle,R
Rochester Institute of Technology - Gordon Fieldhouse,R
Rock & Brews,R
Rock 'N' Fish,R
Rock City,R
Rock en Seine,R
Rock Fest Festival Grounds,R
Rock the Locks Music Festival Grounds,R
Rock The South Grounds,R
Rockbox Theater,R
Rockefellers,R
Rocketown,R
Rockin Red Dirt Ranch,R
Rockingham Speedway,R
Rocklahoma,R
Rockwell at The Complex,R
Rocky & Berenice Miller Park,R
Rocky Johnson Field,R
Rococo Theatre,R
Rod Laver Arena,R
Rodeo Austin,R
RODEOHOUSTON - NRG Stadium,R
Roger Dean Chevrolet Stadium,R
Rogers Field at Nat Bailey Stadium,R
Rogers Forum,R
Rogers Rink,R
Rogers Stadium - Toronto,R
Rolle Activity Center,R
Rolling Hills Casino,R
Rooftop at Georgia Theatre,R
Rooftop at The Eastern,R
Rooftop at the Fonda,R
Room 808,R
Roos Field,R
Rosa Hart Theatre,R
Rosa Mexicano,R
Rose Bowl Stadium,R
Rose Bowl Tavern,R
Rose City Comedy,R
Rose Garden Commons,R
Rose Garden Theater Of The Clouds,R
Rose Hill Gymnasium,R
Rose Music Center at The Heights,R
Rose Music Hall,R
Rose Quarter,R
Rose State Performing Arts,R
Rose Theater at Lincoln Center,R
Rose Wagner Performing Arts Center - Jeanne Wagner Theatre,R
Roski Dining,R
Roskilde Festival,R
Ross E. Templeton Physical Education Center,R
Ross Hennigar Park,R
Rostraver Ice Garden,R
Rough Trade Bristol,R
Rough Trade Nottingham,R
Rough Trade NYC,R
Roulette Intermedium,R
Round Rock Amp,R
Roundhay Park,R
Roundhouse,R
Route 29 Pavilion,R
Route 66 Casino,R
Route 66 Stadium,R
Rovers Ground,R
Rowdys Dance Hall - Spring,R
Rowdys Dance Hall - Webster,R
Roxian Theatre,R
Roy L. Patrick Memorial Gymnasium,R
Roy Stewart Stadium,R
Roy Wilkins Auditorium,R
Roy Wilkins Park,R
Royal & Derngate,R
Royal Albert Hall,R
Royal Alexandra Theatre,R
Royal Athletic Park,R
"Royal Botanic Gardens, Kew",R
Royal Canadian Legion Branch 1,R
Royal Centre,R
Royal Festival Hall,R
Royal Hospital Chelsea,R
Royal LePage Place Arena,R
Royal Oak Music Theatre,R
Royal Palm Beach 18,R
Royal Theatre,R
Royale,R
RP Funding Center,R
RPI Fieldhouse,R
Rubber Gloves Rehearsal Studio,R
Ruby Amphitheater,R
Rudder Auditorium,R
Ruidoso Downs Race Track,R
Ruins,R
Ruins at Knockdown Center,R
Rum Runners,R
Rumba Cafe,R
Rumsey Playfield at Central Park,R
Rumsey Playfield in Central Park,R
Ruoff Music Center,R
Rupp Arena,R
Rushmore Plaza Civic Center,R
Russell Industrial Center,R
RWJBarnabas Health Arena,R
Ryan Center,R
Ryan Field,R
Ryder Center,R
Rynearson Stadium,R
RYSE Nightclub,R
S.B. Ballard Stadium,S
Saban Theatre,S
Sacramento Community Center Theater,S
Sacramento Convention Center,S
Sacramento Convention Center Memorial Auditorium,S
Sacramento Memorial Auditorium,S
Sacramento State Planetarium,S
"Sacramento, CA",S
Sadler's Wells Theatre,S
Sadlon Arena,S
Saenger Theater,S
Saenger Theatre-LA,S
SAGAアリーナ,S
Sage Theatre,S
Sahlen Field,S
Saiden Chemical Arena Saitama,S
Sailor Circus Arena,S
Saint Louis Music Park,S
Saint Rocke,S
Saint Thomas Ice Arena,S
Sakai City Kanaoka Park Gymnasium,S
Sakata City Kokutai Memorial Gymnasium,S
Salem Armory Auditorium,S
Salem Civic Center,S
Salina Bicentennial Center,S
Salina Community Theatre - Kephart Theatre,S
Salinas Sports Complex,S
Salisbury Cathedral,S
Salle Montaigne,S
Salle Pleyel,S
Salle Wilfrid-Pelletier,S
Salmon Lake Park,S
Salonpas Arena,S
Salt Palace Convention Center,S
Salt River Fields at Talking Stick,S
Salt River Grand Ballroom at Talking Stick Resort,S
Salt Shed Outdoors (Fairgrounds),S
Saltdean Lido,S
Saluki Stadium,S
Sam Houston Race Park,S
Sam's Burger Joint,S
Sam's Town Live,S
San Antonio Shrine Auditorium,S
San Benito Fairgrounds,S
San Carlos Institute,S
San Diego Civic Theatre,S
San Diego Convention Center,S
San Diego Country Club,S
San Diego Sports Arena (formerly ipayOne Center),S
"San Diego, CA",S
San Francisco Bay Area,S
San Gabriel Park,S
San Jose Center For The Performing Arts,S
San Jose Civic,S
San Jose Convention Center,S
San Jose Improv,S
San Jose State University - Spartan Stadium,S
"San Jose, CA",S
San Manuel Stadium,S
Sanctuary Detroit,S
Sanctuary Events Center,S
Sand Mountain Park and Amphitheater,S
Sanders Theatre,S
Sandia Casino Amphitheater,S
Sandia Resort and Casino,S
Sandler Center for the Performing Arts,S
Sandman Centre,S
Sandown Park Racecourse,S
Sandringham Estate,S
Sandy Amphitheater,S
Sanford Coyote Sports Center,S
Sanford Health Athletic Complex,S
Sanford Pentagon,S
Sanford Stadium,S
Sangamon Auditorium,S
Santa Ana Stadium,S
Santa Ana Star Casino - Quezadas Comedy Club,S
Santa Anita Park,S
"Santa Barbara, CA",S
Santa Clara County Fairgrounds,S
"Santa Clarita, CA",S
Santa Cruz Civic Auditorium,S
Santa Cruz County Veterans Memorial Building,S
Santa Fe Brewing Company,S
Santa Monica Civic Auditorium,S
Santa Monica Pier,S
"Santa Rosa, CA",S
Santander Performing Arts Center,S
Santos Bar,S
Santos Party House,S
Sanyo Fureai Gymnasium,S
SAP Arena,S
Saputo Stadium,S
Saracen Casino Resort,S
Saranac Brewery,S
Sarasota Fairgrounds,S
Sarofim Hall at The Hobby Center for the Performing Arts,S
Saroyan Theatre,S
Satellite Music Hall,S
Sauble Speedway,S
Saunders County Fairgrounds,S
Savage Arena,S
Savannah Center at the Villages,S
Savannah Civic Center,S
Savannah Civic Center - Johnny Mercer Theatre,S
Savannah Convention Center,S
Save-On-Foods Memorial Centre,S
Saville Community Sports Centre,S
Savoy Theatre,S
Saxe Theater at Planet Hollywood Resort and Casino,S
Saxon Pub,S
Saxon Stadium,S
SBC Center,S
Scala,S
Scaniarinken,S
Scarborough Spa,S
Scenkonst Sörmland,S
Schar Center,S
Scheels Arena,S
Schermerhorn Symphony Center,S
Scheumann Stadium,S
Schmidt Family Centre for the Arts at Mizner Park,S
Schneider Arena,S
Schoellkopf Field,S
Schoenecker Arena,S
Schoepf's BBQ,S
Schollmaier Arena,S
Schottenstein Center,S
Schrott Center for the Arts,S
Schubas,S
Schuster Performing Arts Center,S
Schön & Frölich,S
Scope Arena,S
Scotiabank Centre,S
Scottish Exhibition and Conference Centre (SECC),S
Scottish Rite Auditorium,S
Scottrade Center,S
Scottsdale Center For The Performing Arts,S
Scottsdale Pavillions 11,S
Scottsdale Stadium,S
Scout and Gather,S
Scout Bar,S
Scranton Circle Drive In Theater,S
Scranton Cultural Center,S
Screaming Eagles Arena,S
Scullers Jazz Club,S
Sculpture Park,S
Sculpture Park at Denver Performing Arts Complex,S
SDSU Softball Stadium,S
Seabreeze Amphitheater,S
Seacoast Repertory Theatre,S
SeaGate Convention Center,S
Sears Centre Arena,S
Seaside Heights Beach,S
Seaside Lagoon at Redondo Beach,S
Seaside Park - CT,S
Seattle Center,S
Seattle Repertory Theatre,S
Sebastiani Theatre,S
Sebright Arms,S
SEC Armadillo,S
Second City Chicago - Donnys Skybox Theatre,S
Second City Chicago - Mainstage,S
SECU Arena,S
SECU Stadium,S
Security Square Mall,S
Segerstrom Center for the Arts,S
Segra Field,S
Segra Park,S
Segra Stadium,S
Selland Arena,S
Sellersville Theater,S
Seminole Casino Brighton,S
Seminole Casino Hotel,S
Seminole Coconut Creek Casino,S
Senator Theatre,S
Seneca Allegany Events Center at Seneca Allegany Casino,S
SentryWorld Golf Course,S
SERUM @ PRYSM,S
Servant Jazz Quarters,S
Setzler Field,S
Seven Feathers Hotel & Casino Resort,S
Seven Flags Event Center,S
Severance Town Center 14,S
SF Jazz Center - Miner Auditorium,S
SF Masonic Auditorium,S
Shadow Creek Golf Course,S
Shadow Hill Ranch,S
Shadow Ridge Country Club,S
Shady Gators,S
Shaftesbury Theatre,S
Shalin Liu Performance Center,S
Shank Hall,S
Shark Bar,S
Shark Bar and Kitchen,S
Shark Bar Orlando,S
Sharkey's Bar and Grill,S
Sharp Gymnasium,S
Shaw Festival Theatre,S
Shea Center for Performing Arts,S
Shea Stadium,S
Shea Theater Arts Center,S
Shea's 710 Theatre,S
Sheffield City Hall,S
Shelburne Museum,S
Sheldon Concert Hall,S
Shelton Auditorium at Butler Arts Center,S
Shelton Gym,S
Shenandoah Downs - County Fair Association,S
Shenandoah Valley Music Festival,S
Shepherd Stadium,S
Sheraton Parsippany Hotel,S
Sherman Field at Kearly Stadium,S
Sherman St. Event Center,S
Sherman Theater,S
Sherri Parker Lee Stadium,S
Sherwood Forest Faire,S
SHI Stadium,S
Shibuya DogHouse Stage,S
Shiga Daihatsu Arena,S
Shimberg Playhouse at the David A. Straz Center for the Performing Arts,S
Shinnecock Hills Golf Club,S
Shiojiri City General Gymnasium,S
Shippensburg Fairgrounds,S
Shirley Clarke Franklin Park,S
Shirley Clements Mewborn Field,S
Shiwa Town General Gymnasium,S
Shoals Community Theatre,S
Shooting Star Casino,S
Shorefront Park,S
Shoreline Amphitheatre - CA,S
Shoreline Sightseeing,S
ShoreTown Ballpark,S
Shoshone-Bannock Hotel Casino,S
Show Me Center,S
Show Place Arena,S
Show Sports Farm,S
Showboat Saloon,S
Showbox SoDo,S
Showbox SoDo Lounge,S
Showplace 16,S
Showplace Performance Centre,S
Showplace Theatre at Riverwind Casino,S
Showroom at Golden Nugget Las Vegas Hotel & Casino,S
Shreveport Municipal Memorial Auditorium,S
Shrine Auditorium,S
Shrine Expo Hall,S
Shrine Expo Hall & Grounds,S
Shrine LA Outdoors,S
Shrine Mosque,S
Shrine Nightclub at Foxwoods,S
Shrine Social Club,S
SHU Community Theatre,S
Shubert Theatre,S
Shubert Theatre New Haven,S
Side Splitters Comedy Club,S
Sidestage,S
Sidney Myer Music Bowl,S
Siebert Field,S
Sierra Nevada Brewing Company - Chico,S
Sierra Nevada Brewing Company - Mils River,S
Siesta Valley Bowl,S
Sight & Sound Theatre - Branson,S
Sight & Sound Theatre - Lancaster,S
Signature Brew Haggerston,S
Sikeston Jaycee Bootheel Rodeo,S
Sillect Farms,S
SILO Dallas,S
Silver Creek Event Center at Four Winds,S
Silver Dollar Fairgrounds,S
Silver Legacy Resort Casino,S
Silver Reef Casino Resort,S
Silver Saloon,S
Silver Spring Stage,S
Silver State Pavilion at Grand Sierra Resort,S
Silverados,S
Silverbacks Park,S
Silverlake Lounge,S
SilverLakes Equestrian and Sports Park,S
Simmons Bank Field,S
Simmons Bank Liberty Stadium,S
Simmons Field,S
Simon Skjodt Assembly Hall,S
Simsbury Meadows Performing Arts Center,S
Singapore Indoor Stadium,S
Singletary Center for the Arts,S
Singleton Park,S
Sioux City Auditorium,S
Sioux Falls Arena,S
Sioux Falls Stadium,S
Sister The Bar,S
Sisters Rodeo,S
Sistrunk Farms,S
Site MusiquArt Site,S
SIU Arena,S
SIUH Community Park,S
Six String Grill & Stage,S
Sixth & I Synagogue,S
SJQ London,S
Skansen,S
Skellefteå Kraft Arena,S
Ski House at Larimer Lounge,S
Skipper's Smokehouse,S
Skully's Music-Diner,S
Sky Bar Gasometer Schöneberg,S
Sky City Casino Hotel Acoma,S
Sky Dancer Casino & Resort,S
Sky Meadows Park,S
Sky SLC,S
Skydeck on Broadway,S
Skylands Stadium,S
Skyline Comedy Club,S
Skyline Event Center Osage Casino,S
Skyline Stage at Highmark Mann,S
Skytteholms IP,S
Skyview - Avicii Arena,S
Skyway Theatre,S
Slater Family Ice Arena,S
Sleeman Sports Complex,S
Sleep Train Arena,S
Sleeping Village,S
Slim's,S
SLO Brew - The Rock,S
Sloan Park,S
Sloss Furnaces,S
Slush Puppie Place,S
Smart Bar,S
Smart Financial Centre,S
Smith Field,S
Smith Opera House,S
Smith's Ballpark,S
Smith's Olde Bar,S
Smith-Hammond-Middleton Memorial Center,S
Smoke & Mirrors,S
Smokey River 420 Fest,S
Smoky Mountain Center for the Performing Arts,S
SMS Equipment Place,S
Smyrna Opera House,S
Snappers Comedy Club,S
Sneaky Pete's,S
SNHU Arena,S
Snoqualmie Casino,S
Snow Fork Event Center,S
Snow King Center,S
Snow Park Outdoor Amphitheater at Deer Valley Resort,S
Snow Ridge Ski Resort,S
Snowden Grove Amphitheater,S
Snowden Square,S
Snowmass Town Park,S
Snowshoe Mountain Resort,S
Snug Harbor,S
Soaring Eagle Casino and Resort,S
Sobeys Stadium,S
Soboba Casino Resort,S
Social Bar and Grill Soulard,S
Social Hall SF,S
Social Nightclub,S
Society for Arts and Technology - Montreal,S
Soda Bar,S
SoFi Center,S
Soho Place,S
SoHo Playhouse,S
SOhO Restaurant & Music Club,S
Soho Theatre,S
Soho Theatre Walthamstow,S
Sojka Pavilion,S
Soka Performing Arts Center,S
Sokol Underground,S
Solaris Beer and Blending,S
Soldotna Regional Sports Complex,S
Solomon Pond Mall Stadium 15,S
Somerset Amphitheater,S
Somerville Theatre,S
Sonar,S
Sondheim Theatre,S
Songbyrd Music House,S
Sonia,S
Sonnentag Event Center,S
Sonoma County Fairgrounds,S
Sonoma Raceway,S
Sons of Hermann Hall,S
Sony Hall,S
Soo Pass Ranch and Amphitheater,S
Soul Kitchen,S
SoulJoel's at SunnyBrook,S
Sound Academy Nightclub,S
Sound Board at MotorCity Casino Hotel,S
Sound Nightclub,S
Sound Waves at Hard Rock Hotel and Casino,S
Soundcheck DC,S
Sounds of Brazil,S
Soundwell,S
SOUP,S
South Beach 18,S
South Dakota State Fair,S
South Florida Fairgrounds,S
South Georgia Motorsports Park,S
"South Lake Tahoe, CA",S
South Orange Performing Arts Center,S
"South Pasadena, CA",S
South Point Hotel & Casino,S
South Shore Showroom - Harrah's Lake Tahoe,S
South Side Ballroom,S
South Surrey Arena,S
Southampton Common,S
Southeastern KY Agricultural and Expo Complex,S
Southern Alberta Jubilee Auditorium,S
Southern Ground Amphitheatre,S
Southern Illinois Center,S
Southern Miss Softball Complex,S
Southern Theatre,S
Southpaw,S
Southwest University Park,S
Sovereign Bank Arena,S
Space 550,S
Space Ballroom,S
SPACE Gallery,S
Spaceland,S
Spanish Ballroom at McMenamins Elks Temple,S
Sparbankshallen,S
Spark Arena,S
Spartan Stadium,S
Spartanburg Auditorium,S
Speaker Jo Ann Davidson Theatre,S
Spec Martin Municipal Stadium,S
Spencer Fox Eccles Pioneer Stadium,S
Spin Nightclub,S
Spinks Casem Stadium,S
Spirit,S
Spirit Bank Event Center,S
Spirit Lake Casino,S
Spirit Mountain Casino,S
Spirit of the Suwannee Music Park,S
Spiritwood Resort,S
Spiro Sports Center,S
Spokane Comedy Club,S
Spokane Convention Center,S
Spokane Live @ Spokane Tribe Resort & Casino,S
Sporthallen,S
Sportpaleis,S
Sports & Social Allentown,S
Sports & Social Arlington,S
Sports & Social Atlanta,S
Sports & Social Bethesda,S
Sports & Social Cary,S
Sports & Social DC,S
Sports & Social Dolphin Mall,S
Sports & Social Green Hills,S
Sports & Social Louisiana,S
Sports & Social Maryland,S
Sports & Social Orlando,S
Sports & Social Philadelphia,S
Sports & Social St. Louis,S
Sports & Social Steel City,S
Sports Arena,S
Sportsbook at Parx Casino,S
Spotlight 29 Casino,S
Spreckles Theatre,S
Spruce Meadows,S
Spybar,S
Spyglass Ridge Winery,S
Squaw Valley,S
SRP Park,S
St Bartholomew the Great,S
St Bartholomew's Church,S
St Croix Casino Turtle Lake,S
St David's Hall,S
St George's,S
St George's Church,S
St Johns County Fairgrounds,S
St Lawrence Ground,S
St Louis Mills Stadium 18,S
St Luke's,S
St Martin's Theatre,S
St Mary's Cathedral,S
St Mary's Stadium,S
St Nicholas' Park,S
St Pancras Old Church,S
St. Andrew's Hall,S
St. Ann & the Holy Trinity Church,S
St. Ann's Warehouse,S
St. Augustine Amphitheatre Backyard Stage,S
St. Augustine Farmers Market,S
St. Augustine Francis Field,S
St. Augustine's Arts & Events Centre,S
St. Cecilia Music Center,S
St. Clair Riverfest - Palmer Park,S
St. Cloud Municipal Athletic Complex,S
St. Croix Casino Danbury,S
St. George Theatre,S
St. Jacobs Country Playhouse,S
St. James Theatre,S
St. James' Park,S
St. John Stadium,S
St. John's College - Francis Scott Key Auditorium,S
St. John's Lutheran Church,S
St. Joseph Civic Arena,S
St. Laurent Shopping Centre,S
St. Paul Rodeo,S
St. Pete Times Forum,S
Stable Hall,S
Stabler Arena,S
Stade CANAC,S
Stade Quillorama,S
Stadium Arena,S
Stadium Green Iguana,S
Stadium MK,S
Stadium of Light,S
Stadium Theatre,S
Stadiwm CSM,S
Stafford Centre,S
Stage 42,S
Stage 722,S
Stage AE,S
Stage Red,S
Staller Center For the Arts,S
Stambaugh Auditorium,S
Stamford Bridge,S
Stamford Center For the Arts,S
Stamford Corn Exchange Theatre,S
Stampede Aurora,S
Stampede Corral,S
Stampede Park,S
Stand Up Live Phoenix,S
Stanford Hall,S
Stanky Field,S
Stanley Hotel,S
Stanley Industrial Alliance Stage,S
Stanley's Famous Pit Barbecue,S
STAR Centre,S
Star of Texas Fair and Rodeo,S
Star of the Desert Arena,S
Star Plaza Theatre,S
Star Theater,S
Star Theatre at Numerica Veterans Arena,S
Starbucks Coffee,S
StarDome Comedy Club,S
Starfire Sports Complex,S
Starland Ballroom,S
Starlight Amphitheater at Frontier City,S
Starlight Bowl,S
Starlight Ranch Event Center,S
Starlight Stadium,S
Starlight Theatre,S
Starlite Room - Cedar Rapids,S
Stars and Stripes Festival - Freedom Hill County Park,S
State Fair of West Virginia,S
State Farm Arena,S
State Farm Arena - TX,S
State Farm Center,S
State Theater,S
State Theatre,S
State Theatre - Kalamazoo,S
State Theatre New Brunswick,S
State Theatre New Jersey,S
State Theatre of Ithaca,S
State Theatre of Modesto,S
State Theatre Red Bluff,S
Stateside at the Paramount,S
Stateside Live!,S
Statesman Skyline Theater at the Long Center,S
Station 4,S
Steel Creek,S
Steele County Fair,S
Steele Indian School Park,S
Steelhouse Omaha,S
Stegeman Coliseum,S
Stephen C. O'Connell Center,S
Stephen's Performing Arts Center,S
Stephens Auditorium,S
Steppenwolf Theatre,S
Stereo Garden,S
Stereo Live Dallas,S
Stereo Live Houston,S
Sterling Steak & Lounge,S
Stern Auditorium / Perelman Stage at Carnegie Hall,S
Steve Loy Family Foundation Stadium,S
Stewart Stadium,S
Stiefel Theatre,S
Stifel Theatre,S
STIGA Sports Arena,S
Stir Cove at Harrah's Council Bluffs,S
Stix Ludington,S
Stockholms Stadion,S
Stockton Globe,S
Stonecrest at Piper Glen 22,S
Stoney's Rockin' Country,S
Stony Brook University Arena,S
Stopher Gym,S
Stormont Vail Events Center,S
Storyhouse,S
Stoughton Opera House,S
Strahan Arena at the University Events Center,S
Stramler Park,S
Stranahan Theater and Great Hall,S
Strange Brew,S
Stratford Play House,S
Stratton Mountain Ski Resort,S
STRAUSS SQUARE,S
Strawberry Arena,S
Strawberry Stadium,S
Stress Factory - Bridgeport,S
Stress Factory - New Brunswick,S
Stride Bank Center,S
Strings Music Pavilion,S
Stroh Center,S
Strummer's Bar & Grill,S
Struthers Library Theatre,S
Stuart's Opera House,S
Stude Concert Hall at Rice University,S
Studio 30,S
Studio A,S
Studio E,S
Studio Loft at the Ellie Caulkins Opera House,S
Studio Seaview,S
Studio Seven,S
Studio Theater at Wilson Center,S
Sturgis Buffalo Chip,S
Stylus Leeds,S
Su Teatro at The Denver Civic Theater,S
SubCulture,S
SUBSTANCE,S
Substation,S
Subterania,S
Sugar Loaf Performing Arts Center,S
Sugar Mountain Performing Arts Center,S
Sullivan Arena,S
Sullivan Field,S
Summer Stage at Mount Airy Casino and Resort,S
Summer Stage at Tree House Brewing Company,S
Summerfest,S
Summit Arena,S
Summit City Comedy Club,S
Summit Denver,S
Sun Bowl Stadium,S
Sun Patio at Mohegan Sun,S
Sunbar Tempe,S
Suncoast Credit Union Arena,S
Suncorp Stadium,S
Sundown at Granada,S
Sundsvalls teater,S
Sunken Bus Studios,S
Sunken Gardens,S
Sunrise Theater Fort Pierce,S
Sunset Center,S
Sunset Cove Amphitheater,S
Sunset Station Hotel & Casino,S
Sunset Tavern,S
Sunshine Grove,S
Sunshine Studios Live,S
Sunshine Theater,S
SUNY Binghamton,S
Superior Dome,S
Superior Ingredients,S
Supersonic,S
Supersonic Records,S
Suplizio Field,S
Suquamish Clearwater Casino Resort,S
Surflight Theatre,S
Surly Brewing Festival Field,S
Surprise Stadium,S
Surya,S
Sussex County Fairgrounds,S
Svenska Fönster Arena,S
Sverige,S
SVN West,S
Swallow Hill Music - Daniels Hall,S
Swallow Hill Music - Tuft Theatre,S
Swan Dive Austin,S
Swan Dive Las Vegas,S
Swangard Stadium,S
Swansea,S
Swansea Arena,S
Swansea Grand Theatre,S
Swap Shop and Thunderbird Drive-In,S
Swedish American Hall,S
Sweetland Amphitheatre at Boyd Park,S
Sweetwater Music Hall,S
Swenson Gymnasium,S
SWG 3,S
SWG3 Studio Warehouse,S
Swiftel Center,S
Swinney Recreation Center,S
Swisher Gymnasium,S
Swyer Theatre at The Egg,S
Sycamore Ranch,S
Sydney Cricket Ground,S
Sydney Goldstein Theater,S
Sydney Olympic Stadium (formerly ANZ Stadium),S
Sydney Showground,S
SYEC Expo Hall at the National Western Center,S
Sylvan Beach Park,S
Sylvan Cellars Event Center & Tasting Room,S
Symphony Center,S
Synovus Park,S
Södertälje Fotbollsarena,S
Table Mountain Casino,T
Tachi Palace Hotel and Casino,T
Tackle Box Bar and Grill,T
Tacoma Comedy Club - 6th and Proctor,T
Tacoma Comedy Club - Downtown,T
Tacoma Dome,T
Taft Theatre,T
Tag's Summer Stage,T
Tahoe Blue Event Center,T
Tailgate N' Tallboys - Midland,T
Takasaki Arena,T
Tal Anderson Field,T
Talking Stick Resort Amphitheatre,T
Tall Pines Distillery - MO,T
Tall Pines Distillery - Salisbury,T
Talladega Superspeedway,T
Tallahassee-Leon County Civic Center,T
Tampa Bay Performing Arts Center,T
Tampa Theatre,T
Tanglewood Musical Center,T
Tannahills Tavern and Music Hall,T
TAO Beach Dayclub,T
TAO Chicago,T
Taos Mesa Brewing,T
Tarara Winery,T
Tarleton Memorial Stadium,T
Tarleton State Baseball Stadium,T
Tarrytown Music Hall,T
Tavern on 4th,T
Taylor Stadium,T
TCC Leo Rich Theater,T
TCL Chinese Theatre,T
TCO Stadium,T
TD Arena,T
TD Ballpark,T
TD Bank Ballpark,T
TD Banknorth Garden,T
TD Pavilion at Highmark Mann,T
TD Place Arena,T
TD Station,T
TDECU Stadium,T
Tea at Shiloh,T
Teater Västernorrland,T
Tech CU Arena,T
Ted Wright Stadium,T
Teehee's Comedy Club,T
Tele2 Arena,T
Telenor Arena,T
Telford International Centre,T
Telluride Town Park,T
Tellus360,T
Temblor Brewing Company,T
Tempe Beach Park,T
Tempe Center for the Arts,T
Tempe Diablo Stadium,T
Tempe Improv,T
Temple Gardens Centre,T
Temple Hoyne Buell Theatre,T
Temple Newsam Park,T
Temple Nightclub Denver,T
Temple Nightclub San Francisco,T
Temple Performing Arts Center,T
Temple Theatre,T
Temple Theatre at Tacomas Landmark Convention Center,T
TempleLive at Cleveland Masonic,T
TempleLive at Peoria Scottish Rite,T
TempleLive Fort Smith,T
TempleLive Wichita,T
Templeton-Blackburn Alumni Memorial Auditorium,T
Tempodrom,T
Tennessee Performing Arts Center,T
Tennessee Theatre,T
Tennessee Valley Fair,T
Tenney Stadium at Leonidoff Field,T
Teragram Ballroom,T
Terminal 5 / Webster Hall,T
Terminal West,T
Terra Fermata,T
Terrapin Beer Co.,T
Terry Theater,T
Teton County Fairgrounds,T
Teton County Fairgrounds - WY,T
Texas Hall,T
Texas Health Mansfield Stadium,T
Texas Live!,T
Texas Motor Speedway,T
Texas Tea Room - Carthage,T
Texas Tech University Allen Theater,T
Texas Trust CU Theatre,T
Thalia Mara Hall,T
Thalian Hall Center for the Performing Arts,T
Thanksgiving Point,T
THC NYC,T
The 04 Center,T
The 100 Club,T
The 27 Club,T
The 44 Sports Grill & Nightlife,T
The 720 Room,T
The 81 Club at Billy Bob's Texas,T
The 8x10,T
The Abbey,T
The Adderley Amphitheater at Cascades Park,T
The Adelphia Music Hall,T
The Admiral - Omaha,T
The Ainsworth PHX,T
The Alcazar Room,T
The Alexandra,T
The Alibi,T
The Alley Deck,T
the ALLIANCE,T
The Alpine,T
The Altar Bar,T
The Ambassadors Theatre,T
The American Cinematheque's Egyptian Theatre,T
The American Comedy Co,T
The Amp at Log Still,T
The Amp Ballantyne,T
The Amphitheatre at Clark County,T
The Annex,T
The Anthem,T
The Anvil,T
The Apex,T
The Apollo Theatre,T
The Aquarium,T
The Arena at Innovation Mile,T
The Arena at The Dow Event Center,T
The Ark,T
The Armory,T
The Armory at MGM Springfield,T
The Art Bar,T
The Artist Meadow at The Orion,T
The Asbury,T
The Assembly Theatre at the Woman's Club,T
The Astoria,T
The Astro Amphitheater,T
The Astro Theater,T
The Asylum at Masonic Temple,T
The Atrium - L.A. Live 3rd Floor,T
The Attic,T
The Auditorium,T
The Augustus Ballroom at Caesars Palace,T
The Aztec Theatre,T
The Baby G,T
The Baby Grand,T
The Back Room @ Colectivo,T
The Backyard Bar Stage and Grill,T
The Badlander,T
The Badlands Amphitheatre,T
The Badminton Estate,T
The Bagdad Theater,T
The Ballpark at America First Square,T
The Ballpark at Jackson,T
The Ballroom at Belasco Theater,T
The Ballroom at Boardwalk Hall,T
The Ballroom at Spider House,T
The BancorpSouth Center,T
The Bank of Kentucky Center,T
The Banyan Live,T
The Barn,T
The Barn at The Frio,T
The Barns at Wolf Trap,T
The Barrelhouse Ballroom,T
The Basement,T
The Basement - Nashville,T
The Basement at Oskar Blues Colorado Springs,T
The BayCare Sound,T
The Beach At Governors Island,T
The Beach at Santa Monica,T
The Beacham,T
The Beachland Ballroom,T
The Belding Theater,T
The Belfast Empire Music Hall,T
The Bell House,T
The Bellwether,T
The Berry Center,T
The Betty,T
The Big E,T
The Bilheimer Capitol Theatre,T
The Bill Murray,T
The Birchmere,T
The Bishop Bar,T
The Black Buzzard at Oskar Blues,T
The Black Heart,T
The Black Prince,T
The Blind Pig,T
The Blockley,T
The Blue Light Lubbock,T
The Blue Note - MO,T
The Blue Room - Statesboro,T
The Blue Room at Third Man Records,T
The Bluebird,T
The Blues Kitchen,T
The Bluestone,T
The Boathouse - Myrtle Beach,T
The Bodega,T
The Bomb Factory,T
The Boot - Cattle Country Music Festival,T
The Bottleneck,T
The Bourbon Room,T
The Bowery Electric,T
The Bread Shed,T
The Brentwood Centre,T
The Brickyard,T
"The Brickyard Gallery, Playa Vista Campus",T
The Bridge at Santa Fe Brewing Company,T
The Bridge at Three Forks,T
The Bridgewater Hall,T
The Brindley,T
The Broadberry,T
The Broadmoor,T
The Broadway,T
The Bronze Peacock at House of Blues Houston,T
The Brook,T
The Brooklyn Hangar,T
The Brooklyn Mirage,T
The Broom Factory,T
The Buddy Holly Hall,T
The Bullingdon,T
The Bullpen,T
The Bur Oak,T
The Burl,T
The Cabin,T
The Cabot Theater,T
The Cambridge Corn Exchange,T
The Camden Assembly,T
The Camden Garrison,T
The Camp At Lake Wappapello,T
The Cannon Center for the Performing Arts,T
The Canopy Club,T
The Canvas at L.A. Live,T
The Canyon Agoura Hills,T
The Canyon at OPAC,T
The Canyon Montclair,T
The Canyon Santa Clarita,T
The Capital Theatre,T
The Capitol Room at Harrisburg Arts Center,T
The Carpet Shop,T
The Carson Center for the Performing Arts,T
The Casino at Dania Beach Stage 954,T
The Castle & Falcon,T
The Castle Hotel,T
The Castle Theatre,T
The Catalyst,T
The Catalyst - Atrium,T
The Cause,T
The Cavern Club,T
The Caverns,T
The Caves,T
The Cedar Cultural Center,T
The Centaur at Cheltenham Racecourse,T
The Center for the Arts Grass Valley,T
The Champlain Valley Exposition,T
The Chapel,T
The Chapel at the Masonic Temple Detroit,T
The Chapel on Sycamore,T
The Charles Playhouse,T
The Charleston Pour House,T
The Chelsea (Mophie Stage) at The Cosmopolitan,T
The Chicken Box,T
The Chinese Room at Smith Tower,T
The Chinook at Terry Bison Ranch,T
The Church Nightclub,T
The Circle OC,T
The City Center,T
The Civic Theatre,T
The Clapham Grand,T
The Classic Center's 440 Foundry Pavilion,T
The Clayton Center,T
The Club at Stage AE,T
The Cluny,T
The Clyde Theatre,T
The Coach House,T
The Coast,T
The Colisée,T
The Colosseum at Caesars Palace,T
The Comedy & Magic Club,T
The Comedy Attic,T
The Comedy Club Of Kansas City,T
The Comedy Fort,T
The Comedy Scene,T
The Comedy Store - La Jolla,T
The Commons @ Butler's Barracks,T
The Commons on Champa,T
The Commonwealth Room,T
The Company Theatre,T
The Complex,T
The Concert Hall - Toronto,T
The Concourse Project,T
The Congress,T
The Corran Halls,T
The Cotillion,T
The Cotton Bowl,T
The Country Club of Jackson,T
The Courtyard,T
The Courtyard Theatre,T
The Cove at Cal Expo,T
The Cove at River Spirit Casino,T
The Cowan,T
The Creek and The Cave,T
The Crescent,T
The Criterion,T
The Crofoot Ballroom,T
The Croft,T
The Cromwell,T
The Croxton Bandroom,T
The Cuban Club,T
The Cumberland Arms,T
The Cutting Room,T
The Darlington Arena,T
The Deaf Institute,T
The Dell Music Center,T
The Den PDX,T
The Den Theatre,T
The Dip,T
The District,T
The District Bar,T
The District Sioux Falls,T
The DNA Lounge,T
The Dojo Of Comedy,T
The Domain Sydney,T
The Dome - Virginia,T
The Dome at America's Center,T
"The Dome, Tufnell Park",T
The Dothan Civic Center Arena,T
The Downtown Independent,T
The Drake,T
The Drunken Unicorn,T
The Duchess Theatre,T
The Earl,T
The East Room Nashville,T
The Eastern,T
The Echo Lounge and Music Hall,T
The Echoplex,T
The Ector Theatre,T
The Edge Pavilion,T
The Elgin Theatre,T
The Eli and Edythe Broad Stage,T
The ELM,T
The Elmont,T
The Emperors Ballroom at Caesars Palace,T
The Empire Theatre,T
The Emporium,T
The Empty Bottle,T
The End,T
The End - Houston,T
The Engine Shed,T
The Espee,T
The Evening Muse,T
The Event at Graton,T
The Fabulous Fox Theatre,T
The Factory,T
The Factory - Chesterfield,T
The Factory at Franklin,T
The Factory Worthing,T
The Falkirk Stadium,T
The Far Out Lounge & Stage,T
The Farm - Eureka Springs Campground and Events,T
The Farm at Lakefield College,T
The Fiddler,T
The Fields at Decatur,T
The Fighting Cocks,T
The Fillmore Charlotte,T
The Fillmore Miami Beach,T
The Fillmore Philadelphia,T
The Fillmore Silver Spring,T
The Fire Station,T
The Fitzgerald,T
The Fitzgerald Theater,T
The Flat Top Box at The Pinnacle,T
The Fleece,T
The Floridian Social,T
The Flying Monkey,T
The Folklore Rooms,T
The Folly Theater,T
The Ford,T
The Forge,T
The Forum,T
The Forum Auditorium,T
The Forum Columbus,T
The Foundry,T
The Foundry - VA,T
The Foundry at Judson Mill,T
The Foundry Concert Club,T
The Foundry Philadelphia,T
The Foundry SF,T
The French Commons,T
The Fruit,T
The Fruit Yard Chicken Ranch Casino & Resort Amphitheater,T
The Funhouse at Mr. Smalls,T
The Gabba,T
The Galleria,T
The Gallery At Military Circle,T
The Garage,T
The Garden by Tannery Bend Beerworks,T
The Garrison,T
The Gaslight Social,T
The Gate Arts Centre,T
The Gateway - Salt Lake City,T
The Genting Arena,T
The George Tavern,T
The Get Down PDX,T
The Gielgud Theatre,T
The Glass House,T
The Glasshouse International Centre for Music,T
The Glee Club,T
The Globe,T
The Goat Ranch,T
The Golden Record,T
The Gossy Room at Caesars Palace,T
The Grace,T
The GRAMMY Museum®,T
The Granada Theatre,T
The Grand,T
The GRAND - Calgary,T
The Grand - Sudbury,T
The Grand 1894 Opera House,T
The Grand at The Complex,T
The Grand Ballroom at The Regency Center,T
The Grand Boston,T
The Grand GSO,T
The Grand Long Beach Event Center,T
The Grand Theater - Wausau,T
The Grand Theatre Kingston,T
The Grange,T
The Great Allentown Fair,T
The Great Darke County Fair,T
The Great Hall,T
The Great Lawn in Centennial Park,T
The Great New York State Fair,T
The Great Northern,T
The Greek Theater at Civic Center Park,T
The Green Lantern Bar & Grill,T
The Green Mill,T
The Green on the East End,T
The Green Room at 21Soho,T
The Greenbrier,T
The Grey Eagle,T
The Grog Shop,T
The Ground,T
The Grove,T
The Grove at Wesley Chapel,T
The Grove House,T
The Grove of Anaheim,T
The Guild Theatre,T
The Hafren,T
The Hall,T
The HALL at Live!,T
The Hall at Ole Red Nashville,T
The Halls Wolverhampton,T
The Hamilton Live,T
The Handlebar - Pensacola,T
The Hangar - Lake Tahoe,T
The Hanover Theatre,T
The Harbor Club,T
The Harley Hotel & Bar,T
The Hat - Manhattan,T
The Hawthorn,T
The Hayloft,T
The Heights Theater,T
The Hexagon,T
The Hibernia,T
The Hideout,T
The Hill Winery,T
The Hippodrome Performing Arts Center,T
The Historic Elsinore Theatre,T
The Historic Theater - Portsmouth,T
The Hiyu,T
The Holding Company,T
The Holland Project,T
The Hook,T
The Hook and Ladder,T
The Hope and Ruin,T
The Horse Hospital,T
The Houndsmen English Lounge,T
The Howard Theatre,T
The Howlin' Wolf,T
The Hub,T
The Hug And Pint,T
The Ice Box,T
The Incora County Ground,T
The Independent SF,T
The International Centre,T
The Intersection - Elevation,T
The Intersection - The Stache,T
The Iridium,T
The Jam Jar,T
The Joiners,T
The Joinery,T
The Joint - Hard Rock Tulsa,T
The Jolly Fox,T
The Jones Assembly,T
The JPT Film & Event Center,T
The Junction,T
The Jungle,T
The Junkyard,T
The JW Marriott at L.A. LIVE,T
The Kasbah,T
The Katharine Hepburn Cultural Arts Center,T
The Kazimier,T
The KEE to Bala,T
The Kelsey Theater,T
The Kent Stage,T
The Kentucky Center for the Performing Arts - Whitney Hall,T
The Kessler Theater,T
The KING of CLUBS,T
The Kings Hall - Avant Gardner,T
The Klein Memorial Auditorium,T
The Lab at Hollywood Improv,T
The Lakes at Thousand Oaks,T
The Lamp Theatre,T
The Lantern,T
The Lawn at Lake Terrace,T
The Leadmill,T
The Ledge Waite Park Amphitheater,T
The Legacy Center,T
The Legendary Horseshoe Tavern,T
The Lemon Grove,T
The Lemon Tree,T
The Lensic,T
The Lerner Theatre,T
The Lexington,T
The Liberty Inc,T
The Lighthouse,T
The Limelight Hotel,T
The Lincoln,T
The Lincoln Center,T
The Lincoln Lodge,T
The Linda Ronstadt Music Hall,T
The Linq,T
The Little Violet Door,T
The Local 662,T
The Lodge at The Deaf Institute,T
The Lodge at The Regency Center,T
The Loft,T
The LOFT at Skyway Theatre,T
The London Palladium,T
The Looney Bin,T
The Lot at The Complex,T
The Loud,T
The Louisiana,T
The Louisville Palace Theatre,T
The Lounge at World Café Live,T
The Lower Third,T
The Lowry,T
The Lowry Quays Theatre,T
The Lowther Pavilion Theatre,T
The Lucas Theatre,T
The Lumberyard,T
The Lyric at Skyway Theatre,T
The Lyric Oxford,T
The MAC at Monmouth University,T
The Machine Shop,T
The Machine Shop - ON,T
The Madison Center for the Arts,T
The Magic Bag,T
The Magic Stick,T
The Magnolia,T
The Majestic Ventura Theater,T
The Mansion - MO,T
The Mansion at Hudson Yards,T
The Marble Factory,T
The Marc,T
The Market Norfolk,T
The Marquee Ballroom,T
The Marquis Park City,T
The Martin Centre,T
The Maryland Theatre,T
The Masquerade - Music Park,T
The Matullia Lands at Rock Bay,T
The Mauch Chunk Opera House,T
The Mayan,T
The McMillan Theatre,T
The Meadows,T
The Meadows Music Theatre,T
The Met Pawtucket,T
The Met Philadelphia,T
The Metropolitan Night Club,T
The Metropolitan Theatre,T
The MidAmerican Energy Company RecPlex,T
The Middlesbrough Empire,T
The Midland Theatre,T
The Midnight Hour,T
The Mill and Mine,T
The Mill Terre Haute,T
The Millwald,T
The Mint,T
The Miramar Theatre,T
"The Mixing Room, J.W. Marriott at L.A. LIVE",T
The Momentary,T
The Montalban,T
The Moon,T
The Moore Theatre,T
The Moss Center,T
The Mountain Winery,T
The Muny,T
The Murphy Theatre,T
The Musette,T
The Museum of Comedy,T
The Music Box,T
The Music Yard at SouthBound,T
The Nashville Arena,T
The National,T
The National Bowl,T
The Nest,T
The New Jalisco,T
The New Parish,T
The New Tropicana Las Vegas,T
The Newberry,T
The Nick,T
"The Nick Rayns LCR, UEA",T
The Night and Day Cafe,T
The NorVa,T
The Novo,T
The Novo - Grammys,T
The Novo VIP Room,T
The O'Shaughnessy,T
The O2,T
The Oaks Theater,T
The Oasis,T
The Observatory,T
The Observatory North Park,T
The Observatory Ottawa,T
The Office,T
The Ohio State Reformatory,T
The Old Blue Last,T
The Old Church Concert Hall,T
The Old Fire Station,T
The Old Market,T
The Old Rep Theatre,T
The Old Saloon,T
The Olympic Club,T
The Olympic Venue,T
The Oncenter - Crouse Hinds Theater,T
The Oncenter War Memorial Arena,T
The Orange Peel,T
The Orchard Theatre,T
The Original,T
The Orion Amphitheater,T
The Orleans Showroom,T
The Orpheum,T
The Orpheum - Tampa,T
The Orpheum Theater - Flagstaff,T
The Outlaw Saloon,T
THE PAD AT NORTHERLY ISLAND,T
The Pageant,T
The Painted Turtle,T
The Palace Ballroom at Caesars Palace,T
The Palace of Auburn Hills,T
The Palais,T
The Palazzo Theatre at The Venetian Las Vegas,T
The Palestra,T
The Palladium at St. Petersburg College,T
The Palomino Smokehouse and Social Club,T
The Pantheon at Caesars Virginia,T
The Paramount,T
The Paramount Abilene,T
The Paramount In Concert With Northwell,T
The Paramount Theater Charlottesville,T
The Parish at House of Blues Anaheim,T
The Parish at House of Blues New Orleans,T
The Park at Harlinsdale Farm,T
The Park at L.A. Coliseum,T
The Parkdale Hall,T
The Parker,T
The Parlour at The Signal,T
The Pavilion at ARC - UC Davis,T
The Pavilion at Boise State,T
The Pavilion at Montage Mountain,T
The Pavilion at Oregon State Fairgrounds,T
The Pavilion at Tree House Brewing Company,T
The Peace Center,T
The Pearl,T
The Penthouse,T
The Petroleum Club at Sundale Country Club,T
The Phoenix Theatre - Petaluma,T
The Phoenix Theatre Company - Hormel Theatre,T
The Phoenix Theatre Company - Judith Hardes Theatre,T
The Phoenix Theatre Company - Stephenson Theatre,T
The PIAZZA,T
The Pickle Factory,T
The Picklr - Westbrook,T
The Piece Hall,T
The Piedmont Grand Opera House,T
The Pike Room at The Crofoot,T
The Pines Modern Steakhouse,T
The Pines Music Park,T
The Pines Theater at Look Park,T
The Pinnacle,T
The Pit,T
The Plant,T
The Playhouse at Overture Center for the Arts,T
The Playhouse on Rodney Square,T
The Plaza,T
The Plaza Live Orlando,T
The Plaza Theatre - Wharton,T
The Pocket DC,T
The Podium,T
The Polk Theatre,T
The Ponds at Harlan Ranch,T
The Pool After Dark - Harrah's Atlantic City,T
The Pool at Graton Casino and Resort,T
The Pool at Live!,T
The Pool at Talking Stick Resort,T
The Pool at Virgin Hotels Las Vegas,T
The Port Comedy Club,T
The Port Theatre - BC,T
The Post OG,T
The Pour House,T
The Premier,T
The Press Room,T
The Prime Rib,T
The Prince Albert,T
The Prince Theater,T
The Promontory,T
The Prospect Building,T
The Pub Station,T
The Pullo Center,T
The Pyramid Arena,T
The Pyramid Scheme,T
The Q Centre Arena,T
The Quail Golf Club,T
The Quarry - Sacramento,T
The Queen,T
The Queen's Hall,T
The Rabbit Hole New Orleans,T
The Racquet Club of Memphis,T
The Radio Room,T
The Rail Club,T
The Rail Event Center,T
The Railyards,T
The Rainbow Bistro,T
The Rainbow Cellar,T
The Ramkat,T
The Ranch,T
The Ranch Equestrian Center,T
The Ranch House,T
The Ranch Roadhouse,T
The Range,T
The Rave / Eagles Club - Eagles Ballroom,T
The Rebel Lounge,T
The Rechabite,T
The Recher,T
The Red Mile,T
The Red Room - Vancouver,T
The Red Room at Cafe 939,T
The Reef,T
The Refinery Charleston,T
The Regency Ballroom,T
The Regency Live,T
The Regent,T
The Republik - Honolulu,T
The Rescue Rooms,T
The Reserve at Park MGM,T
The Resort at Fredericksburg,T
The Rev Room,T
The Rhythm Room,T
The Rialto Theatre Raleigh,T
The Ridgefield Playhouse,T
The Ridgewood Country Club,T
The Riff,T
The Rink Studios,T
The Rino,T
The Riot Comedy Club at Rudyards,T
The Rising Sun,T
The Ritz Raleigh,T
The Ritz San Jose,T
The Ritz Ybor,T
The Riverside Theater,T
The Riviera Theater - SC,T
The Rivoli Toronto,T
The Roberts Orpheum Theater,T
The Rock,T
The Rock Box,T
The Rockaway Hotel,T
The Rockin' Chair,T
The Rockwell,T
The Rooftop at Pier 17,T
The Rose and Alfred Miniaci Performing Arts Center,T
The Roxy,T
The Roxy Denver,T
The Roxy Event Center and Music Hall,T
The Royal,T
The Royal Crescent,T
The Royal Grove,T
The Royal Hall,T
The Ruby Theatre,T
The Runaway,T
The Rust Belt,T
THE SALSA ROOM,T
The Salt Lick BBQ Pavilion,T
The Salt Shed,T
The Sanford Center,T
The Schaefer Center for the Performing Arts,T
The Seasons Performance Hall,T
The Secret Group,T
The Senate,T
The Shacklewell Arms,T
The Shakespeare,T
The Sharon,T
The Shed,T
The Shed Smokehouse and Juke Joint,T
The Shelter at St. Andrew's Hall,T
The Show - Agua Caliente Casino,T
The Showdown,T
The Showroom at Talking Stick Resort,T
The Shredder,T
The Signal,T
The Sinclair,T
The Siren,T
The Skagit Casino Resort,T
The Skunk Farm,T
The SKyPAC,T
The Slaughtered Lamb,T
The Sleeman Centre,T
The Slowdown,T
The Smell,T
The Social,T
The Soiled Dove Underground,T
The Song & Dance,T
The Soraya,T
The Sound - Del Mar,T
The Sound Amphitheater,T
The Sound Room Oakland,T
The Southern Cafe and Music Hall,T
The Southgate House Revival,T
The Sovereign,T
The Spa Bridlington,T
The Space at Westbury,T
"The Spitfire Ground, St Lawrence",T
The Sports & Social Club,T
The Spot by Dre and Snoop,T
The Spotlight,T
The St. James - VA,T
The Stables Theatre,T
The Stadium at South Field,T
The Stage at Suffolk Downs,T
The Stand Comedy Club,T
The Stand NYC,T
The Stand Up Comedy Club,T
The Stanley Theatre,T
The Star Pavilion @ HersheyPark Stadium,T
The Starlite Room,T
The State Room,T
The State Theatre - Greenville,T
The State Theatre - State College,T
The Steamworks,T
The Stone Church - VT,T
The Strand,T
The Strand Theatre,T
The STRAT,T
The Strutt,T
The Studio at FirstOntario Concert Hall,T
The Studio at Mizner Park,T
The Studio at The Bomb Factory,T
The Suffolk,T
The Sugarmill,T
The Sultan Room,T
The Summer Club,T
The Summit,T
The Summit Music Hall,T
The Summit Showroom at the Venetian Las Vegas,T
The Sunflower Lounge,T
The Super Pit at UNT Coliseum,T
The Surf Ballroom,T
The Surf Club,T
The Sutter Room (1270 Sutter Street),T
The Sylvee,T
The Tabernacle,T
The Tabernacle - MA,T
The Tailgate,T
The Tank Room,T
The Texas Club,T
The Texas Theatre,T
The Theater at MGM National Harbor,T
The Theater at Mount Jordan,T
The Theater at Virgin Hotels Las Vegas,T
The Theatre at Great Canadian Casino Resort Toronto,T
The Theatre at Honda Center,T
The Theatre for the Performing Arts at Planet Hollywood Resort & Casino,T
The Thunderdome,T
The Théâtre du Casino,T
The Topfer at ZACH,T
The Torch at LA Coliseum,T
The Tower of London,T
The Town Hall,T
The Tracy Performing Arts Center,T
The Treelawn,T
The Triple Door,T
The Truman,T
The Truth,T
The UC Theatre,T
The Underworld,T
The Union,T
The Union Event Center - Salt Lake City,T
The United Theater on Broadway,T
The Univest Performance Center,T
The Vanguard - Orlando,T
The Vanguard - Tulsa,T
The Vault 350,T
The Vault Music Hall and Pub,T
The Venetian Resort® | Grand Canal Shoppes | Atrium Level 2,T
The Venice West,T
The Venue,T
The Venue - Aurora,T
The Venue - Peterborough,T
The Venue at The Orleans,T
The Venue at UCF,T
The Venue Event Center,T
The Venue Mankato,T
The Venue Nightclub,T
"The Venue, Exclusively at Horseshoe Casino",T
The Vera Project,T
The Vermont Hollywood,T
The Victoria Dalston,T
The Vine at Del Lago Resort and Casino,T
The Vintage Lounge at Gotham Comedy Club,T
The Viper Room,T
The Vixen,T
The Vogel at Count Basie Center for the Arts,T
The Vogue,T
The Voodoo Rooms,T
The Waiting Room,T
The Waiting Room Lounge,T
The Walnut Room,T
The Wardrobe,T
The Warehouse,T
The Washington Center for the Performing Arts,T
The Washington Pavilion,T
The Waterfront,T
The Waterfront at Ocean Gateway,T
The Waterworks,T
The Wayfarer,T
The WC Social Club,T
The Wedgewood Rooms,T
The Well - LA,T
The Westcott Theater,T
The Wharf,T
The Whiskey Rose,T
The White Hotel,T
The Whiting,T
The Wilma,T
The Winchester Music Tavern,T
The Windjammer,T
The Windmill,T
The Wise,T
The Woodlands,T
The Woodlands Nature Reserve,T
The Woodman,T
The Woods At Fontanel,T
The Woods at Mammoth Lakes,T
The Woodshop,T
The Workers Club,T
The Workmans Club,T
The Yale Theater,T
The Yards at the National Western Center,T
The Zellerbach Theater (at Annenberg Center),T
The Zoo Amphitheater,T
Theater and Dance 1701,T
Theater of the Clouds,T
Theatr Clwyd,T
Theatre Royal,T
Theatre Royal Drury Lane,T
Theatre Royal Glasgow,T
Theatre Royal Haymarket,T
Theatre Severn,T
Thee Parkside,T
Thee Stork Club,T
Thekla Bristol,T
Thermopolis Golf Course,T
Think Tank?,T
Third Room,T
Thirsty Cowboys,T
Thomas and Mack Center,T
Thomas Assembly Center,T
Thomas More Stadium,T
Thomas Wolfe Auditorium,T
Thompson Arena,T
Thompson's Point,T
Thornden Hall,T
Thorpe Park,T
"Thousand Oaks, CA",T
Thrasher-Horne Center For The Arts,T
"Three Counties Showground, Malvern",T
Three Links Deep Ellum,T
Three Sisters Park,T
Threesixty Theatre Tent,T
Thunder Bay Community Auditorium,T
Thunder Ridge Nature Arena,T
Thunder Valley Casino Resort,T
Thunderbird Cafe & Music Hall,T
Thunderland Showroom at Excalibur,T
Théâtre Beanfield,T
Théâtre Capitole,T
Théâtre Du Lido,T
Théâtre Fairmount,T
Théâtre Manuvie,T
Théâtre Rialto,T
Théâtre Saint-Denis,T
Tiburón Naples Golf Club,T
TicketPro Dome,T
Tico Time River Resort,T
Tide and Boar,T
Tidewater Landing Stadium,T
Tiger Park,T
Tikki Beach,T
Tilles Center,T
Tillman Auditorium,T
Tilson Auditorium,T
Timber Lake Playhouse,T
Timber Ridge Mountain,T
Timber Rock Amphitheater,T
Timberwood Amphitheater at Magic Springs,T
TIME Nightclub,T
Time Warner Cable Arena,T
Time Warner Cable Theatre in the Resch Center,T
Times Union Center (formally known as Pepsi Arena),T
Times-Union Center for the Performing Arts,T
Timuquana Country Club,T
Tin Angel,T
Ting Pavilion,T
Ting Stadium,T
Tingley Coliseum,T
Tinker Field,T
Tinseltown,T
Tinseltown Plano,T
Tioga Downs Casino Resort,T
Tioga-Sequoia Beer Garden,T
Tip Top Deluxe Bar & Grill,T
Tipitina's,T
Tipstar Dome Chiba,T
Titan Gym,T
Titan Stadium,T
Tivoli Theatre,T
TJ's Corral,T
TMA Event Parking,T
Toad's Place,T
Toads Place - CT,T
Tobias Theater,T
Tobin Center for the Performing Arts,T
Tofte Manor,T
Tointon Family Stadium,T
Tokyo Dome,T
Toledo Speedway,T
Toledo Zoo Amphitheatre,T
Tolt-MacDonald Park,T
Tom Adams Field,T
Tom Braly Stadium,T
Tom Lee Park,T
Tom McCall Waterfront Park,T
Tom Moffatt Waikiki Shell,T
Tomlinson Stadium - Kell Field,T
Toms River,T
Toms River High School North,T
Tonhallen,T
Tony Gwynn Stadium,T
Tony's Pizza Events Center,T
Top Hat,T
Top Taggart Field,T
Topaz Farm,T
Topeka Performing Arts Center,T
Topgolf Las Vegas,T
Topsfield Fair,T
Torero Stadium,T
Toronto Island Park (Olympic Island),T
Toronto Pan Am Sports Centre,T
Torrey Pines Golf Course,T
Toscano Family Ice Forum,T
Total Mortgage Arena,T
Toughsheet Community Stadium,T
Toulouse Theatre,T
Tournament of Roses Parade,T
Tournament Poker Room at Caesars Palace,T
Tower Theatre,T
Tower Theatre - Bend,T
Tower Theatre - Fresno,T
Tower Theatre - OKC,T
Town Moor,T
Town Point Park,T
Town Toyota Center,T
Township Auditorium,T
Townsville Entertainment & Convention Centre,T
Towson University,T
Toyota Amphitheatre,T
Toyota Arena,T
TOYOTA ARENA TOKYO,T
Toyota Center,T
Toyota Center - Kennewick,T
Toyota Field,T
Toyota Field - AL,T
Toyota Park,T
Toyota Pavilion at Concord,T
Toyota Sports Performance Center,T
TPC Boston,T
TPC San Antonio,T
TPC Sawgrass,T
TPC Scottsdale,T
TPC Sugarloaf,T
TPC Toronto at Osprey Valley,T
Track 29,T
Tractor Tavern,T
Trader Vic's,T
Trafalgar Theatre,T
Tramshed,T
Transit Center 18 & IMAX,T
Transitions Quantum Pass,T
Transplants Brewing Company,T
Trask Coliseum,T
Travis County Exposition Center Grounds,T
Treasure Island,T
Treasure Island Amphitheater - Welch,T
Treefort Music Festival,T
Treefort Music Hall,T
Trees,T
Tremont Music Hall,T
Tremont Music Hall - The Casbah,T
Trenton Thunder Ballpark,T
Tri-State Rodeo,T
Tri-Town Ice Arena,T
Tribute Communities Centre,T
Tricky Falls,T
Trilith,T
Trina Turk and Sunnylands Chic,T
Trinity Episcopal Church,T
Trinity Hall,T
Trinity Health Arena,T
Trinity Health Stadium,T
Trinity Park,T
Trio,T
Triple Crown Pavilion,T
Triple Rock Social Club,T
Trocadero Theatre,T
Trojan Arena,T
Tropicana Casino - NJ,T
Tropicana Laughlin,T
Troubadour,T
Troubadour Canary Wharf Theatre,T
Troubadour Wembley Park,T
Troxy,T
Troy Fair Grounds,T
Troy Savings Bank Music Hall,T
Troys,T
Truist Arena,T
Truist Field,T
Truist Point Stadium,T
Truist Stadium,T
Truist Stadium - Greensboro,T
Trumansburg Fairgrounds,T
Trump Taj Mahal,T
Trump Taj Mahal - Mark G. Etess Arena,T
Trussville Regal 16,T
Trustees Theater,T
Trustmark Park,T
Tryon International Equestrian Center,T
Tuacahn Center for the Arts,T
Tubby's,T
Tucker Coliseum,T
Tucker Stadium,T
Tucson Convention Center,T
Tucson Music Hall,T
Tucson Rodeo Grounds,T
Tudhope Park,T
Tudor Fieldhouse,T
Tuffy's Music Box & Lounge,T
Tukut Lounge,T
Tulalip Amphitheatre,T
Tulalip Resort Casino,T
Tulips FTW,T
Tulsa Expo Center,T
Tulsa Expo Square,T
Tulsa Performing Arts Center,T
Tulsa State Fairgrounds,T
Tulsa Theater,T
Tumbleroot Brewery and Distillery,T
Tumbleweed Dancehall,T
Tumbleweed Park,T
Tupelo Music Hall,T
Turchin Stadium,T
Turf Club,T
Turfway Park,T
Turlock Community Theatre,T
Turner Field,T
Turning Stone Resort & Casino Event Center,T
Turntable Indy,T
Turtle Bay Resort,T
Turtle Creek Stadium,T
Tuscon Convention Center,T
Tuttle Creek State Park,T
TV Eye,T
"TV Studio, SWG3",T
Tweeter Center,T
Twi Ro PA,T
Twickenham Stoop,T
Twin Falls County Fairgrounds,T
Twisted J Live,T
TX Tea Room - Dallas,T
Tybee Post Theater,T
Tyndall Armory,T
Tyne Theatre & Opera House,T
Tyson Events Center,T
U Street Music Hall,U
U.S. Bank Theater at Target Center,U
U.S. Cellular Field,U
U.S. Steel Yard,U
U.T. Performing Arts Center,U
UA Circle Center 9,U
UA Citiplace Stadium 11,U
UA Commerce Stadium 14,U
UA Commerce Township Stadium 14,U
UA Cottonwood Stadium 16,U
UA Denver Pavilions Stadium 15,U
UA Emery Bay Stadium 10,U
UA Falls 12,U
UA Fossil Creek Stadium 11,U
UA Galaxy Stadium 14,U
UA Galaxy Theatre Stadium 10,U
UA Greenwood Plaza Stadium 12,U
UA King of Prussia Stadium 16 & Imax,U
UA Pavilions 11,U
UA Riverview Plaza Stadium 17,U
UA Showden Square Stadium 14,U
UA Snowden Square Stadium 14,U
UA Towne Square 10,U
UA Westbury Stadium 12 & IMAX,U
UB Center for the Arts,U
UB Stadium,U
Uber Arena,U
Uber Eats Music Hall,U
UC Baseball Stadium,U
UC Davis Freeborn Hall,U
UC Davis Health Stadium,U
UCCU Center,U
UCF Soccer and Track Complex,U
UCF Softball Complex,U
UCLA Freud Playhouse,U
UCLA Health Training Center,U
UCLA Royce Hall,U
UCLA's Royce Hall,U
UCR Student Recreation Center,U
UCSB Ballet Studio,U
UCSB Campus Diamond,U
UCSB Campus Pool,U
UCSB Events Center,U
UCSB Performing Arts Theater,U
UCSB Robertson Gymnasium,U
UCSB Studio Theater,U
UCSB The Hub,U
UFCU Disch-Falk Field,U
UFCU Stadium,U
UHY Center,U
Ukie Club,U
UltraLuxe Scottsdale Pavilions,U
ULU,U
UMB Bank Amphitheater at Denver Botanic Gardens,U
Uncle Vinnie's Comedy Club,U
UncleSam JamFest - Civic Center Park,U
Under The Big Top at AT&T Park,U
Under The Big Top at Camden Waterfront,U
Under The Big Top at Citi Field,U
Under The Big Top at Laguna Hills Mall,U
Under The Big Top at Mall of America,U
Under The Big Top at Northlands Park,U
Under The Big Top at Ohio Expo Center,U
Under The Big Top at Orange County Great Park,U
Under The Big Top at Pepsi Center Grounds,U
Under The Big Top at Santa Monica Pier,U
Under The Big Top at Scotiabank Place,U
Under The Big Top at Stampede Park,U
Under The Big Top at Taylor Street Bridge,U
Under the Big Top Toronto - Lake Shore,U
Under the K Bridge Park,U
Under the White Big Top Atlantic Station,U
Under the White Big Top Montréal,U
Under the White Big Top Québec,U
Under the White Big Top Seattle,U
Under the White Big Top Vancouver,U
Under the White Big Top Washington DC,U
Underbelly Boulevard,U
Underground Arts,U
Underground at Drake Hotel Toronto,U
Underground at Nile Theater,U
Underground Atlanta,U
UNF Arena,U
UNF Softball Complex,U
UNI-Dome,U
Union Chapel,U
Union Colony Civic Center - Monfort Concert Hall,U
Union County Fairgrounds,U
Union County Performing Arts Center,U
Union Craft Brewing,U
Union Hall,U
Union Hall - NY,U
Union Park,U
Union Square Stadium 14,U
Union Stage,U
Union Transfer,U
Unit 58,U
United Palace NYC,U
United Theatre,U
United Wireless Arena,U
Universal Preservation Hall,U
University Arena - Western Michigan,U
University Center SELU,U
University Credit Union Center,U
University Credit Union Pavilion,U
University Field House,U
University of Buffalo Alumni Arena,U
University of Dayton Arena,U
University of Kentucky Memorial Coliseum,U
University of North Alabama - Flowers Hall,U
University of Phoenix Stadium,U
University of Texas-Arlington Baseball/Softball Fields,U
University of West Georgia Stadium,U
University of Wolverhampton at The Civic Hall,U
University of Wolverhampton at The Wulfrun Hall,U
University of Wyoming Arena,U
University Stadium Albuquerque,U
University Theatre,U
University Union Ballroom,U
Universoul Circus - New Orleans,U
Universoul Circus - Norfolk,U
UniWyo Sports Complex,U
Unknown Bar,U
Unlocked Shoreditch,U
UNO Lakefront Arena,U
UP District Festival Field,U
UPMC Cooper Fieldhouse,U
UPMC Events Center,U
UPMC Park,U
Upper Knoll Lot,U
Upplands Bilforum Arena,U
Upstairs at Electrowerkz,U
Upstairs Cabaret,U
Upstate Medical Arena at Oncenter,U
Uptown Knauer Performing Arts Center,U
Uptown Theater Minneapolis,U
Uptown Theater Providence,U
Uptown Theatre Napa,U
Urban Lounge,U
US Bank Arena,U
US Cellular Arena,U
US Cellular Coliseum,U
USA Hockey Arena,U
USD Torero Stadium,U
USF Baseball and Softball Complex,U
USF Sun Dome,U
Usher Hall,U
USS Hornet Museum,U
UT Tyler Cowan Center,U
Utah Motorsports Campus,U
Utah State Fairpark,U
UTC McKenzie Arena,U
UTEP Don Haskins Center,U
UTEP Magoffin Auditorium,U
Utilita Arena Birmingham,U
Utilita Arena Cardiff,U
Utilita Arena Newcastle,U
Utilita Arena Sheffield,U
UTRGV Fieldhouse,U
UTSA Convocation Center,U
Uva Uva Wynwood,U
UWA Tiger Stadium,U
UWG - The Coliseum,U
V Live,V
Vacaville Performing Arts Theatre,V
Vail Valley,V
Vaillant Live,V
Val Air Ballroom,V
Valdez Hall,V
Valencia 11 plus IMAX,V
Valentine Theatre,V
Valley Bar,V
Valley Bible Fellowship,V
Valley Children's Ice Center,V
Valley Children's Stadium,V
Valley of the Seven Stars,V
Valley Strong Ballpark,V
Valley View Concerts,V
Valparaiso Athletics-Recreation Center,V
Valparaiso Central Park Plaza,V
Value City Arena at Schottenstein Center,V
Van Dyne Gym,V
Van Hoy Farm Ziggys Party,V
Van Wezel Performing Arts Hall,V
Vancouver Convention Centre,V
Vancouver Playhouse,V
Vandaveer Ranch,V
Vanderbilt Memorial Gym,V
Vanderbilt Stadium,V
Variety Playhouse,V
Varsity Theatre,V
Vaudeville Theatre,V
Vaught-Hemingway Stadium,V
Velvet Buck at St. Regis,V
Velvet Elk Lounge,V
Velvet Jones,V
Velvet Underground,V
Venables Theatre,V
Venice Island,V
Ventura County Fairgrounds and Event Center,V
Ventura Music Hall,V
VENUE 18,V
Venue 578,V
Venue Cymru,V
Venue MOT Unit 18,V
Venue: Ports O' Call Village,V
Venue_NZ_P1,V
Vera Cocina DC,V
Verdun Auditorium,V
Verizon Center,V
Verizon Center (formerly MCI Center),V
Verizon Wireless Amphitheater,V
Verizon Wireless Amphitheatre at Encore Park,V
Verizon Wireless Center,V
Verizon Wireless Music Center,V
Verizon Wireless Theater,V
Verizon Wireless Virginia Beach Amphitheater,V
Vermont Comedy Club,V
Vernon & District Performing Arts Centre,V
Veterans Memorial,V
Veterans Memorial Arena,V
Veterans Memorial Auditorium - RI,V
Veterans Memorial Coliseum - Portland,V
Veterans Memorial Stadium - AL,V
Veterans Memorial Stadium - IA,V
Veterans Memorial Stadium - Quincy,V
Veterans Park - Milwaukee,V
Veterans United Home Loans Amphitheater at Virginia Beach,V
Vetter Stone Amphitheater,V
VFW Sports Center,V
VGK Event Parking,V
Viaero Event Center,V
Vibes Event Center,V
Vibrant Arena at The Mark,V
Vibrant Music Hall,V
Vic Juba Community Theatre,V
Vice Seattle,V
Vicki's Camp N Country Jam,V
Victoria Hall,V
Victoria Palace Theatre,V
Victoria Park,V
Victoria Theatre - OH,V
Victory Field,V
Victory Hall at The Boxyard,V
Victory Lane Speedway,V
Victory North,V
Victory Theatre,V
Videotron Centre,V
Viejas Arena,V
Viejas Casino & Resort Ice Skating Rink,V
Viejas Casino & Resort Oak Ballroom,V
Viejas Concerts in the Park,V
Viejas Outlet Center,V
Viking Pavilion,V
Vilar Performing Arts Center,V
Villa Park,V
Village Green City Park,V
Village Square 18,V
Village Studios,V
Village Underground,V
Villanova Stadium,V
Vimmerby Ishall,V
Vina Robles Amphitheatre,V
Vince Genna Stadium,V
Vince J. Whibbs Sr. Community Maritime Park,V
Vincent-Beck Stadium,V
Vinoy Park,V
Vintage Lounge,V
Vinyl Music Hall,V
Virginia Beach,V
Virginia Center 20,V
Virginia Credit Union LIVE! at Richmond Raceway,V
Virginia Credit Union Stadium,V
Virginia International Raceway,V
Virginia Mason Athletic Center,V
Virginia Room at Flagler College,V
Virginia Street Brewhouse,V
Virginia Street Gym,V
Virginia Tech University,V
Virginia Theatre,V
Visalia First,V
Visions Veterans Memorial Arena,V
VisitLethbridge.com Arena,V
Visulite Theatre,V
Viterbo University Fine Arts Center,V
Vivarium,V
Vivian Beaumont Theater,V
Vivid Music Hall,V
Vivint Smart Home Arena,V
Vivo Beach Club,V
Vivo! Dolphin Mall,V
Vogue Theatre,V
Voice of America MetroPark,V
Volcanic Theatre Pub,V
Volcanoes Stadium,V
Volkan,V
Volks Club,V
Voltaire Belle de Nuit,V
Volusia Speedway Park,V
Von Braun Center,V
VooDoo Lounge at Harrah's Kansas City,V
Voyeur,V
VSU Multi-Purpose Center,V
Vu Nashville,V
Vultures,V
VyStar Amphitheater at The Bridge,V
VyStar Ballpark,V
VyStar Pavilion,V
VyStar Veterans Memorial Arena,V
Vū Nashville,V
W. L. Lyons Brown Theatre,W
W.B. Mason Stadium,W
W.H. Lyon Fairgrounds,W
W.L. Jack Howard Theatre,W
W.O.W. Hall,W
Wachholz College Center,W
Wachovia Arena,W
Wachovia Center,W
Wachovia Spectrum,W
Waco Hippodrome Theatre,W
Wade Stadium,W
Wagener Field at Kendrick Family Ballpark,W
Wagner College Stadium,W
Wagner Noel Performing Arts Center,W
Wagon Wheel Ridge,W
Wai Kai Event Lawn,W
Waiʻalae Country Club,W
WakeMed Soccer Park,W
Waldo Stadium,W
Walhalla Performing Arts Center,W
Walker Art Center,W
Walker Theater,W
Walker's Bluff Casino Resort,W
Walkup Skydome,W
Wallace Wade Stadium,W
Wallenstamhallen,W
Wallis Annenberg Center for the Performing Arts,W
Wallis Annenberg Stadium,W
Wally's,W
Walmart AMP,W
Walnut Street Theatre,W
Walsh Farm,W
Walsh Gymnasium,W
Walt Disney Concert Hall,W
Walt Disney World Resort - Disney Springs,W
Walter Brown Arena,W
Walter Pyramid,W
Walter Schroeder Aquatic Center,W
Walter Studios,W
Walter Where?House,W
Walter's,W
Walton Arts Center,W
Walworth County Fairgrounds,W
Wanderer Grounds,W
War Memorial at Oncenter,W
War Memorial Auditorium,W
War Memorial Auditorium - FL,W
War Memorial Auditorium at Greensboro Coliseum,W
War Memorial Gymnasium,W
War Memorial Gymnasium - BC,W
War Memorial Opera House,W
War Memorial Stadium,W
War Memorial Stadium - WY,W
Warehouse Live-Ballroom,W
Warehouse On Broadway,W
Warehouse on Watts,W
Warehouse XI,W
Warehouse215,W
Warehouse25sixty-five,W
Warhawk Field,W
Warner Grand Theatre,W
Warner Park,W
Warner Theatre - Erie,W
Warner Vineyards,W
Warnors Theatre,W
Warren County Fair - IA,W
Warren J. Harang Municipal Auditorium,W
Warrington Crossing 22,W
Warwick Arts Centre,W
Warwick Castle,W
Warwick Racecourse,W
Washington Avenue Armory,W
Washington County Fair Grounds - NE,W
Washington Hall,W
Washington Monument Grounds,W
Washington State Fair in Puyallup,W
Washington's,W
Washington-Grizzly Stadium,W
Water Street Music Hall,W
Water Works Park,W
Waterford Lakes 20,W
Waterfront Park San Diego,W
Waterfront Theater at the American Airlines Arena,W
Waterloo Riverfront Stadium,W
Waterloo Village,W
Waterside District,W
Waterville Opera House,W
Watford Colosseum,W
Watkins Glen International,W
Watsco Center at the University of Miami,W
WAVE,W
Wayfair Arena,W
Wayne Estes Center,W
Wayne State Fieldhouse,W
We All Scream,W
We Love Green,W
We-Ko-Pa Casino Resort,W
Wealthy Theatre,W
WeatherTech Raceway Laguna Seca,W
Webster Hall,W
Webster Theater - Underground,W
Weequahic Park - Newark,W
Weidner Center for the Performing Arts,W
Weidner Field,W
Weill Center for the Performing Arts,W
Weill Hall + Lawn at Green Music Center,W
Weinberg Center for the Arts,W
Weis Center for the Performing Arts,W
Welcome Stadium,W
Weldon Mills Theatre,W
Wellblechpalast Berlin,W
Wellington International,W
Wellmont Theater,W
Wells Fargo Center for the Arts,W
Wells Fargo Theatre,W
WellSpan Park,W
Welsh-Ryan Arena,W
Wembley Park,W
Wendell's,W
Wente Vineyards,W
Wentworth Woodhouse,W
Wentz Concert Hall,W
Werchter Festivalpark,W
Werner Park,W
Wesbanco Arena,W
West Art,W
West End Cultural Centre,W
West Hall at LACC,W
West Herr Auditorium Theatre,W
West Nyack Levity Live,W
West Plains Civic Center,W
West Riverfront Park,W
West Shore Home Field at Beaver Stadium,W
West Town Mall Stadium 9,W
West Virginia University,W
Westbrook Performing Arts Center,W
Westbury 12,W
Westchester County Center,W
Western Financial Place,W
Western Hall,W
Western Idaho Fair,W
Western Kentucky University,W
Western Manitoba Centennial Auditorium,W
Western Springs Stadium,W
Westfair Amphitheater,W
Westfield Plaza Bonita,W
Westgate Las Vegas Resort & Casino,W
Westlake Promenade,W
Westlands Entertainment Venue,W
Westoba Place,W
Weston Park,W
Westside Bowl,W
Westside Comedy Theater,W
Westside Theatre Upstairs,W
Westville Music Bowl,W
Westwego Perf Arts Theatre,W
Westwood Country Club,W
Westwood Lakes,W
Westword Music Showcase,W
WestWorld of Scottsdale,W
Wet N Wild Hawaii,W
Weymouth Pavilion,W
Wharton Center for Performing Arts,W
Whataburger Field,W
Wheeler Opera House,W
Where Else?,W
Whirling Tiger,W
Whiskey Roadhouse - Horseshoe Casino Council Bluffs,W
Whisky a Go Go,W
Whistle Stop,W
Whistler Resort,W
Whitaker Center,W
White Eagle Hall,W
White Oak Amphitheatre,W
White Oak Amphitheatre at the Greensboro Coliseum Complex,W
White Oak Music Hall,W
White Owl Social Club,W
White River Ag,W
White River Amphitheatre,W
White Rock Theatre,W
Whitewater Amphitheater,W
Whittemore Center Arena,W
Wicked West,W
Wicket Hall,W
Wicomico Youth and Civic Center,W
Wide Open Saloon,W
Wiener Stadthalle,W
Wilbur Theatre,W
Wild Adventures Water and Theme Park,W
Wild Buffalo,W
Wild Greg's Saloon - Lakeland,W
Wild Greg's Saloon - Pensacola,W
Wild Horse Festival Grounds,W
Wildcat Stadium,W
Wildcat Stadium - GA,W
Wildcat Stadium - UNH,W
Wildcatter Saloon,W
Wildwood,W
Wildwood Beach,W
Wildwoods Convention Center,W
Wilkins Stadium,W
Wilkinson Hall,W
Will Rogers Auditorium,W
Will Rogers Coliseum,W
Will's Pub,W
William A. Egan Civic and Convention Center,W
William and Mary Hall,W
William Aston Hall,W
William B. Green Jr. Stadium,W
William J. Nicks Building,W
William Lindsay White Civic Auditorium,W
William Neal Reynolds Coliseum,W
William P. Hytche Athletic Center,W
William Price Stadium,W
William R Johnson Coliseum,W
Williams Arena,W
Williams Arena at Minges Coliseum,W
Williams Hall,W
Williams Stadium,W
Williams-Brice Stadium,W
Williamsburg Park,W
Williamsburg Waterfront,W
Williamson County AG Expo Park,W
Williamsport Community Arts Center,W
Williwaw Social,W
Willow Springs International Motorsports Park,W
Willowbank Raceway,W
Willowbrook 24,W
Wilma Theater Philadelphia,W
Wilpon Baseball and Softball Complex - Ray Fisher Stadium,W
Wilshire Ebell Theatre,W
Wilshire Theatre,W
Wilshire Theatre Bevery Hills,W
Wilson Center,W
Wilson Creek Winery,W
Wilson Theater at Vogel Hall,W
Wilton's Music Hall,W
Win River Resort and Casino,W
WIN Sports & Entertainment Centres,W
Wind Creek Casino and Hotel Atmore,W
Wind Creek Event Center,W
Windy City Smokeout Festival,W
Wine Country Amphitheater,W
Winfield Fairgrounds,W
Wing Arena Kariya,W
Wings Event Center,W
Winnetka Music Festival,W
Winspear Centre,W
WinSport Arena,W
Winstock Country Music Festival Grounds,W
Winston-Salem Fairgrounds,W
Winstons Beach Club,W
Winter Garden Theatre,W
Winter Gardens,W
Winter Park Resort,W
Winters,W
Winthrop Ballpark,W
Winthrop Coliseum,W
Wintrust Field,W
Wisconsin Brewing Company Park,W
Wisconsin Field House,W
Wisconsin State Fair Park,W
Wisdom Gym,W
Wiseguys Comedy Club Downtown Salt Lake City,W
Wiseguys Comedy Club Jordan Landing,W
Wiseguys Las Vegas Arts District,W
Wiseguys Las Vegas Town Square,W
Witter Field,W
WJCT Soundstage,W
WNDR Museum,W
Woking Theatre,W
Wolf Creek Amphitheater,W
Wolfgang Puck Bar & Grill,W
Wollaton Park,W
Wollman Rink Central Park,W
Wolstein Center,W
Wolverhampton Civic Hall,W
Wonder Bar,W
Woodbine Park,W
Woodbine Racetrack,W
Woodland Opera House,W
Woodland Park Colorado,W
Woodland Park Zoo,W
Woodling Gymnasium,W
Woodruff Arts Center Alliance Theater,W
Woods of Mallaranny,W
Woodward Park,W
Woodward Theater,W
Woody Fest - Okemah,W
Woolworth Theatre,W
Wooly's,W
WorkPlay,W
World Arena,W
World Wide Technology Raceway,W
Wortham Center for the Performing Arts,W
Worthen Arena,W
Worthing Assembly Hall,W
WP24 by Wolfgang Puck,W
WQED Studios - PBS Pittsburgh,W
Wright State University's Nutter Center,W
Wyndham's Theatre,W
Wynn Las Vegas,W
Wynwood Marketplace,W
Wyvern Theatre,W
Xalos Event Center,X
Xanadu East,X
Xbox Plaza at L.A. LIVE,X
Xcite Center at Parx Casino,X
XFINITY Center - MD,X
XL Center Exhibit Center,X
XL Live,X
XOXO Dining Room,X
XOYO,X
XOYO Birmingham,X
XS Malarkey,X
XS Nightclub,X
Xtream Arena,X
XULA Convocation Center,X
Y Lounge,Y
Y Plas - Cardiff University Students Union,Y
Y Theatre,Y
Yaamava' Pool,Y
Yaamava' Theater,Y
Yager Stadium,Y
Yakama Legends Casino Event Center,Y
Yakima County Stadium,Y
Yakima Valley SunDome,Y
Yale Bowl,Y
Yamhill County Fair,Y
Yanitelli Center,Y
Yardhouse,Y
Yardley Hall in the Midwest Trust Center,Y
Yates Centre,Y
Yee-Haw Brewing Knoxville,Y
Yellow Creek Park,Y
Yerba Buena Center for the Arts,Y
YES (Basement),Y
YES (Pink Room),Y
YKK AP ARENA,Y
YMITアリーナ,Y
YO1 Lounge,Y
Yogi Berra Stadium,Y
Yokkaichi City General Gymnasium,Y
Yokohama Arena,Y
YOKOHAMA BUNTAI,Y
Yokohama International Pool,Y
Yolo County Fairgrounds,Y
York Barbican,Y
York Exposition Center,Y
York Fair,Y
York Fairgrounds (York Fair),Y
York Lions Stadium,Y
York Museum Gardens,Y
Yoshis Jazz Club - Oakland,Y
Yost Ice Arena,Y
Yost Theater,Y
Young Arena,Y
Young People's Theatre,Y
Young Vic,Y
Youngstown Foundation Amphitheatre,Y
YouTube Theater,Y
Yuba Sutter Fairgrounds,Y
Yucaipa Performing Arts Center,Y
Yucca North,Y
Yucca Tap Room,Y
Yuengling Center,Y
Yulman Stadium,Y
Yuma County Fairgrounds,Y
Yvette Girouard Field at Lamson Park,Y
Zable Stadium,Z
Zanies Comedy Club Chicago,Z
Zanies Comedy Club Nashville,Z
Zanies Comedy Club Rosemont,Z
Zanzabar,Z
Zebulon,Z
Zellerbach Hall,Z
Zen West,Z
Zenith,Z
ZeyZey Miami,Z
ZeyZey – Zaku Stage,Z
Zidell Yards,Z
Ziggo Dome,Z
Zilker Park,Z
Zions Bank Stadium,Z
Zipper Concert Hall,Z
zMAX Dragway,Z
Zoellner Arts Center - Baker Hall,Z
Zouk Nightclub,Z
ZOZOMarine Stadium & Makuhari Messe,Z
Zurich Hallenstadion,Z
Zydeco,Z
Zénith d'Auvergne,Z
Zénith de Toulouse,Z
Zénith Nantes Métropole,Z
Zénith Paris La Villette,Z
